Stream,Course,Job,Skills Required,Duration,Post Graduation
Science,B.Tech,Researcher,"Research, Scientific Knowledge",5 years,MS
Science,Biotechnology,Researcher,"Research, Scientific Knowledge",5 years,Medical Specialization
Science,B.Sc,Engineer,"Problem-Solving, Analytical Thinking",4 years,Biotechnology PG
Science,MBBS,Lab Technician,"Hands-on Medical Skills, Patient Care Expertise",5 years,MCA
Science,MBBS,Researcher,"Problem-Solving, Analytical Thinking",3 years,Biotechnology PG
Science,Microbiology,Engineer,"Problem-Solving, Analytical Thinking",2 years,MCA
Science,Engineering,Lab Technician,"Innovation, Creativity in Solutions",3 years,M.Sc
Science,Nursing,Lab Technician,"Problem-Solving, Analytical Thinking",2 years,MCA
Science,Microbiology,Pharmacist,"Technical Skills, Engineering Fundamentals",4 years,M.Tech
Science,Engineering,Lab Technician,"Research, Scientific Knowledge",3 years,MD
Science,B.Sc,Engineer,"Hands-on Medical Skills, Patient Care Expertise",2 years,MS
Science,Engineering,Lab Technician,"Technical Skills, Engineering Fundamentals",2 years,Medical Specialization
Science,Biotechnology,Engineer,"Innovation, Creativity in Solutions",2 years,MS
Science,Biotechnology,Lab Technician,"Data Analysis, Laboratory Techniques",2 years,MS
Science,Biotechnology,Data Scientist,"Hands-on Medical Skills, Patient Care Expertise",5 years,M.Pharm
Science,Microbiology,Engineer,"Problem-Solving, Analytical Thinking",3 years,M.Tech
Science,B.Tech,Pharmacist,"Data Analysis, Laboratory Techniques",5 years,MS
Science,MBBS,Researcher,"Data Analysis, Laboratory Techniques",2 years,MS
Science,B.Pharm,Doctor,"Innovation, Creativity in Solutions",3 years,M.Pharm
Science,Biotechnology,Lab Technician,"Data Analysis, Laboratory Techniques",3 years,M.Pharm
Science,Biotechnology,Researcher,"Data Analysis, Laboratory Techniques",5 years,Medical Specialization
Science,B.Pharm,Lab Technician,"Research, Scientific Knowledge",2 years,MS
Science,Microbiology,Data Scientist,"Hands-on Medical Skills, Patient Care Expertise",3 years,M.Sc
Science,Nursing,Pharmacist,"Innovation, Creativity in Solutions",4 years,MS
Science,B.Tech,Lab Technician,"Technical Skills, Engineering Fundamentals",5 years,Biotechnology PG
Science,Engineering,Doctor,"Problem-Solving, Analytical Thinking",3 years,M.Tech
Science,B.Sc,Researcher,"Technical Skills, Engineering Fundamentals",3 years,M.Tech
Science,MBBS,Engineer,"Research, Scientific Knowledge",2 years,MS
Science,B.Pharm,Engineer,"Hands-on Medical Skills, Patient Care Expertise",5 years,Medical Specialization
Science,B.Pharm,Researcher,"Innovation, Creativity in Solutions",4 years,M.Tech
Science,B.Tech,Researcher,"Hands-on Medical Skills, Patient Care Expertise",5 years,Biotechnology PG
Science,B.Sc,Data Scientist,"Problem-Solving, Analytical Thinking",3 years,MCA
Science,Nursing,Data Scientist,"Data Analysis, Laboratory Techniques",5 years,Medical Specialization
Science,Nursing,Data Scientist,"Problem-Solving, Analytical Thinking",2 years,Medical Specialization
Science,B.Tech,Lab Technician,"Technical Skills, Engineering Fundamentals",5 years,MD
Science,B.Sc,Pharmacist,"Research, Scientific Knowledge",5 years,MS
Science,Engineering,Doctor,"Hands-on Medical Skills, Patient Care Expertise",3 years,M.Tech
Science,B.Pharm,Lab Technician,"Research, Scientific Knowledge",2 years,MCA
Science,Microbiology,Doctor,"Innovation, Creativity in Solutions",2 years,M.Pharm
Science,Biotechnology,Data Scientist,"Technical Skills, Engineering Fundamentals",4 years,Medical Specialization
Science,B.Sc,Lab Technician,"Innovation, Creativity in Solutions",5 years,MS
Science,Nursing,Researcher,"Data Analysis, Laboratory Techniques",2 years,Biotechnology PG
Science,B.Pharm,Pharmacist,"Technical Skills, Engineering Fundamentals",2 years,MD
Science,B.Sc,Doctor,"Hands-on Medical Skills, Patient Care Expertise",2 years,Biotechnology PG
Science,B.Tech,Doctor,"Problem-Solving, Analytical Thinking",4 years,MS
Science,MBBS,Lab Technician,"Research, Scientific Knowledge",4 years,M.Sc
Science,Engineering,Data Scientist,"Research, Scientific Knowledge",4 years,MCA
Science,Engineering,Lab Technician,"Hands-on Medical Skills, Patient Care Expertise",2 years,M.Pharm
Science,Biotechnology,Pharmacist,"Technical Skills, Engineering Fundamentals",5 years,Medical Specialization
Science,MBBS,Data Scientist,"Research, Scientific Knowledge",2 years,MCA
Science,Engineering,Data Scientist,"Data Analysis, Laboratory Techniques",3 years,M.Sc
Science,Microbiology,Pharmacist,"Technical Skills, Engineering Fundamentals",3 years,M.Tech
Science,Biotechnology,Doctor,"Innovation, Creativity in Solutions",5 years,M.Tech
Science,MBBS,Engineer,"Hands-on Medical Skills, Patient Care Expertise",2 years,Biotechnology PG
Science,B.Tech,Doctor,"Research, Scientific Knowledge",4 years,MS
Science,Nursing,Doctor,"Data Analysis, Laboratory Techniques",2 years,Biotechnology PG
Science,B.Tech,Data Scientist,"Innovation, Creativity in Solutions",5 years,M.Pharm
Science,Engineering,Data Scientist,"Data Analysis, Laboratory Techniques",4 years,M.Sc
Science,Nursing,Engineer,"Data Analysis, Laboratory Techniques",2 years,M.Sc
Science,Nursing,Doctor,"Research, Scientific Knowledge",5 years,MCA
Science,Nursing,Researcher,"Research, Scientific Knowledge",4 years,M.Sc
Science,Engineering,Pharmacist,"Hands-on Medical Skills, Patient Care Expertise",2 years,M.Sc
Science,Engineering,Engineer,"Data Analysis, Laboratory Techniques",2 years,MD
Science,B.Sc,Data Scientist,"Problem-Solving, Analytical Thinking",4 years,MCA
Science,Microbiology,Lab Technician,"Innovation, Creativity in Solutions",5 years,M.Sc
Science,B.Tech,Doctor,"Technical Skills, Engineering Fundamentals",5 years,Medical Specialization
Science,Engineering,Lab Technician,"Hands-on Medical Skills, Patient Care Expertise",3 years,MS
Science,Engineering,Lab Technician,"Research, Scientific Knowledge",3 years,MD
Science,B.Sc,Lab Technician,"Data Analysis, Laboratory Techniques",4 years,MS
Science,MBBS,Data Scientist,"Hands-on Medical Skills, Patient Care Expertise",2 years,M.Sc
Science,B.Pharm,Data Scientist,"Hands-on Medical Skills, Patient Care Expertise",5 years,Medical Specialization
Science,Engineering,Data Scientist,"Technical Skills, Engineering Fundamentals",2 years,MD
Science,B.Tech,Researcher,"Technical Skills, Engineering Fundamentals",4 years,M.Sc
Science,Microbiology,Pharmacist,"Technical Skills, Engineering Fundamentals",3 years,M.Sc
Science,Biotechnology,Pharmacist,"Hands-on Medical Skills, Patient Care Expertise",3 years,MCA
Science,Nursing,Researcher,"Hands-on Medical Skills, Patient Care Expertise",2 years,M.Sc
Science,Biotechnology,Pharmacist,"Problem-Solving, Analytical Thinking",2 years,Medical Specialization
Science,B.Pharm,Data Scientist,"Research, Scientific Knowledge",5 years,MCA
Science,Microbiology,Pharmacist,"Innovation, Creativity in Solutions",5 years,Medical Specialization
Science,MBBS,Lab Technician,"Hands-on Medical Skills, Patient Care Expertise",3 years,M.Tech
Science,Biotechnology,Doctor,"Technical Skills, Engineering Fundamentals",2 years,MCA
Science,B.Tech,Data Scientist,"Data Analysis, Laboratory Techniques",2 years,Biotechnology PG
Science,Engineering,Data Scientist,"Hands-on Medical Skills, Patient Care Expertise",4 years,Medical Specialization
Science,B.Tech,Engineer,"Innovation, Creativity in Solutions",4 years,Medical Specialization
Science,Microbiology,Lab Technician,"Hands-on Medical Skills, Patient Care Expertise",2 years,M.Tech
Science,Biotechnology,Data Scientist,"Data Analysis, Laboratory Techniques",3 years,MCA
Science,B.Pharm,Pharmacist,"Hands-on Medical Skills, Patient Care Expertise",3 years,M.Sc
Science,B.Tech,Researcher,"Innovation, Creativity in Solutions",4 years,Biotechnology PG
Science,B.Sc,Researcher,"Technical Skills, Engineering Fundamentals",5 years,M.Sc
Science,B.Tech,Researcher,"Hands-on Medical Skills, Patient Care Expertise",2 years,Medical Specialization
Science,Biotechnology,Pharmacist,"Hands-on Medical Skills, Patient Care Expertise",2 years,MD
Science,Engineering,Data Scientist,"Research, Scientific Knowledge",4 years,M.Tech
Science,B.Pharm,Engineer,"Research, Scientific Knowledge",5 years,M.Pharm
Science,Biotechnology,Pharmacist,"Problem-Solving, Analytical Thinking",2 years,MD
Science,Nursing,Data Scientist,"Hands-on Medical Skills, Patient Care Expertise",5 years,M.Sc
Science,Biotechnology,Researcher,"Problem-Solving, Analytical Thinking",4 years,Medical Specialization
Science,B.Sc,Lab Technician,"Innovation, Creativity in Solutions",2 years,Biotechnology PG
Science,MBBS,Data Scientist,"Problem-Solving, Analytical Thinking",2 years,M.Tech
Science,B.Sc,Pharmacist,"Innovation, Creativity in Solutions",5 years,M.Tech
Science,B.Tech,Lab Technician,"Data Analysis, Laboratory Techniques",2 years,MD
Science,B.Sc,Researcher,"Problem-Solving, Analytical Thinking",4 years,MCA
Science,B.Sc,Data Scientist,"Innovation, Creativity in Solutions",4 years,MD
Science,Microbiology,Engineer,"Problem-Solving, Analytical Thinking",3 years,M.Sc
Science,B.Pharm,Engineer,"Data Analysis, Laboratory Techniques",4 years,Medical Specialization
Science,B.Sc,Lab Technician,"Hands-on Medical Skills, Patient Care Expertise",5 years,Biotechnology PG
Science,Nursing,Lab Technician,"Innovation, Creativity in Solutions",2 years,M.Sc
Science,B.Tech,Engineer,"Data Analysis, Laboratory Techniques",2 years,M.Sc
Science,Engineering,Pharmacist,"Hands-on Medical Skills, Patient Care Expertise",4 years,Medical Specialization
Science,Microbiology,Pharmacist,"Technical Skills, Engineering Fundamentals",3 years,MS
Science,Engineering,Lab Technician,"Data Analysis, Laboratory Techniques",5 years,M.Sc
Science,B.Sc,Researcher,"Data Analysis, Laboratory Techniques",5 years,M.Tech
Science,B.Tech,Researcher,"Hands-on Medical Skills, Patient Care Expertise",3 years,M.Tech
Science,MBBS,Lab Technician,"Problem-Solving, Analytical Thinking",5 years,M.Pharm
Science,Microbiology,Lab Technician,"Problem-Solving, Analytical Thinking",3 years,Biotechnology PG
Science,MBBS,Data Scientist,"Hands-on Medical Skills, Patient Care Expertise",4 years,MD
Science,MBBS,Pharmacist,"Hands-on Medical Skills, Patient Care Expertise",3 years,MCA
Science,Biotechnology,Data Scientist,"Research, Scientific Knowledge",3 years,M.Tech
Science,Engineering,Engineer,"Research, Scientific Knowledge",2 years,Biotechnology PG
Science,Engineering,Researcher,"Problem-Solving, Analytical Thinking",3 years,M.Pharm
Science,B.Pharm,Data Scientist,"Technical Skills, Engineering Fundamentals",4 years,Biotechnology PG
Science,MBBS,Pharmacist,"Innovation, Creativity in Solutions",2 years,Biotechnology PG
Science,Engineering,Data Scientist,"Problem-Solving, Analytical Thinking",3 years,MCA
Science,B.Tech,Pharmacist,"Technical Skills, Engineering Fundamentals",3 years,MCA
Science,Engineering,Data Scientist,"Hands-on Medical Skills, Patient Care Expertise",5 years,MS
Science,B.Sc,Pharmacist,"Research, Scientific Knowledge",5 years,M.Pharm
Science,Nursing,Researcher,"Data Analysis, Laboratory Techniques",4 years,MS
Science,Engineering,Data Scientist,"Technical Skills, Engineering Fundamentals",5 years,M.Sc
Science,Nursing,Researcher,"Technical Skills, Engineering Fundamentals",4 years,M.Pharm
Science,MBBS,Researcher,"Technical Skills, Engineering Fundamentals",4 years,M.Sc
Science,B.Tech,Lab Technician,"Data Analysis, Laboratory Techniques",3 years,MS
Science,B.Sc,Researcher,"Technical Skills, Engineering Fundamentals",2 years,M.Pharm
Science,MBBS,Researcher,"Research, Scientific Knowledge",4 years,M.Sc
Science,MBBS,Pharmacist,"Data Analysis, Laboratory Techniques",3 years,M.Sc
Science,B.Tech,Engineer,"Technical Skills, Engineering Fundamentals",4 years,M.Pharm
Science,B.Sc,Researcher,"Hands-on Medical Skills, Patient Care Expertise",4 years,M.Sc
Science,B.Pharm,Pharmacist,"Hands-on Medical Skills, Patient Care Expertise",2 years,M.Sc
Science,MBBS,Pharmacist,"Innovation, Creativity in Solutions",5 years,MCA
Science,Biotechnology,Engineer,"Research, Scientific Knowledge",5 years,MS
Science,B.Pharm,Lab Technician,"Data Analysis, Laboratory Techniques",5 years,Biotechnology PG
Science,Biotechnology,Lab Technician,"Innovation, Creativity in Solutions",2 years,M.Pharm
Science,B.Tech,Data Scientist,"Research, Scientific Knowledge",4 years,Medical Specialization
Science,B.Tech,Engineer,"Problem-Solving, Analytical Thinking",2 years,M.Tech
Science,B.Pharm,Data Scientist,"Research, Scientific Knowledge",3 years,MD
Science,Biotechnology,Lab Technician,"Problem-Solving, Analytical Thinking",2 years,MS
Science,Engineering,Engineer,"Innovation, Creativity in Solutions",5 years,Biotechnology PG
Science,B.Sc,Lab Technician,"Data Analysis, Laboratory Techniques",2 years,MS
Science,B.Sc,Data Scientist,"Research, Scientific Knowledge",4 years,M.Pharm
Science,Engineering,Data Scientist,"Innovation, Creativity in Solutions",2 years,MCA
Science,B.Sc,Researcher,"Hands-on Medical Skills, Patient Care Expertise",3 years,M.Pharm
Science,Microbiology,Lab Technician,"Data Analysis, Laboratory Techniques",3 years,MCA
Science,B.Pharm,Engineer,"Research, Scientific Knowledge",4 years,M.Pharm
Science,MBBS,Researcher,"Technical Skills, Engineering Fundamentals",3 years,Biotechnology PG
Science,B.Tech,Data Scientist,"Research, Scientific Knowledge",2 years,M.Sc
Science,Microbiology,Researcher,"Technical Skills, Engineering Fundamentals",4 years,MD
Science,Biotechnology,Pharmacist,"Hands-on Medical Skills, Patient Care Expertise",5 years,M.Pharm
Science,MBBS,Doctor,"Research, Scientific Knowledge",2 years,M.Sc
Science,B.Tech,Pharmacist,"Hands-on Medical Skills, Patient Care Expertise",4 years,M.Pharm
Science,B.Pharm,Engineer,"Hands-on Medical Skills, Patient Care Expertise",4 years,Medical Specialization
Science,Nursing,Data Scientist,"Technical Skills, Engineering Fundamentals",3 years,M.Sc
Science,Nursing,Data Scientist,"Data Analysis, Laboratory Techniques",4 years,Biotechnology PG
Science,Engineering,Researcher,"Technical Skills, Engineering Fundamentals",5 years,M.Sc
Science,Microbiology,Pharmacist,"Technical Skills, Engineering Fundamentals",2 years,Biotechnology PG
Science,MBBS,Engineer,"Technical Skills, Engineering Fundamentals",2 years,M.Sc
Science,B.Pharm,Engineer,"Research, Scientific Knowledge",3 years,M.Tech
Science,B.Sc,Researcher,"Data Analysis, Laboratory Techniques",4 years,MD
Science,B.Tech,Engineer,"Problem-Solving, Analytical Thinking",3 years,MCA
Science,Microbiology,Researcher,"Innovation, Creativity in Solutions",5 years,M.Sc
Science,Nursing,Pharmacist,"Data Analysis, Laboratory Techniques",2 years,MD
Science,Biotechnology,Engineer,"Hands-on Medical Skills, Patient Care Expertise",4 years,Medical Specialization
Science,Biotechnology,Pharmacist,"Innovation, Creativity in Solutions",5 years,MD
Science,Nursing,Doctor,"Innovation, Creativity in Solutions",5 years,M.Tech
Science,B.Sc,Lab Technician,"Innovation, Creativity in Solutions",3 years,MS
Science,B.Sc,Engineer,"Innovation, Creativity in Solutions",3 years,M.Tech
Science,Biotechnology,Researcher,"Research, Scientific Knowledge",5 years,M.Sc
Science,MBBS,Data Scientist,"Data Analysis, Laboratory Techniques",2 years,MCA
Science,MBBS,Engineer,"Technical Skills, Engineering Fundamentals",5 years,MS
Science,Nursing,Lab Technician,"Research, Scientific Knowledge",5 years,M.Pharm
Science,Microbiology,Doctor,"Hands-on Medical Skills, Patient Care Expertise",5 years,M.Tech
Science,B.Pharm,Researcher,"Innovation, Creativity in Solutions",3 years,Biotechnology PG
Science,B.Sc,Engineer,"Innovation, Creativity in Solutions",5 years,MS
Science,Microbiology,Pharmacist,"Technical Skills, Engineering Fundamentals",2 years,M.Pharm
Science,B.Sc,Pharmacist,"Hands-on Medical Skills, Patient Care Expertise",3 years,M.Tech
Science,B.Pharm,Lab Technician,"Innovation, Creativity in Solutions",4 years,M.Tech
Science,Biotechnology,Lab Technician,"Technical Skills, Engineering Fundamentals",2 years,Medical Specialization
Science,B.Tech,Data Scientist,"Innovation, Creativity in Solutions",5 years,MS
Science,Biotechnology,Engineer,"Research, Scientific Knowledge",4 years,Medical Specialization
Science,MBBS,Pharmacist,"Research, Scientific Knowledge",2 years,Biotechnology PG
Science,MBBS,Doctor,"Innovation, Creativity in Solutions",5 years,MD
Science,MBBS,Doctor,"Research, Scientific Knowledge",5 years,MS
Science,B.Sc,Lab Technician,"Data Analysis, Laboratory Techniques",3 years,Biotechnology PG
Science,MBBS,Data Scientist,"Hands-on Medical Skills, Patient Care Expertise",4 years,MS
Science,MBBS,Data Scientist,"Problem-Solving, Analytical Thinking",3 years,Medical Specialization
Science,MBBS,Data Scientist,"Data Analysis, Laboratory Techniques",2 years,MD
Science,B.Sc,Data Scientist,"Innovation, Creativity in Solutions",3 years,Medical Specialization
Science,B.Tech,Data Scientist,"Research, Scientific Knowledge",5 years,Medical Specialization
Science,Microbiology,Researcher,"Hands-on Medical Skills, Patient Care Expertise",5 years,Medical Specialization
Science,Nursing,Doctor,"Technical Skills, Engineering Fundamentals",3 years,M.Tech
Science,Biotechnology,Doctor,"Problem-Solving, Analytical Thinking",5 years,MD
Science,Engineering,Researcher,"Innovation, Creativity in Solutions",5 years,M.Pharm
Science,MBBS,Researcher,"Data Analysis, Laboratory Techniques",2 years,M.Tech
Science,Microbiology,Pharmacist,"Research, Scientific Knowledge",2 years,Biotechnology PG
Science,B.Tech,Engineer,"Data Analysis, Laboratory Techniques",2 years,M.Sc
Science,B.Tech,Engineer,"Hands-on Medical Skills, Patient Care Expertise",3 years,MD
Science,B.Tech,Lab Technician,"Research, Scientific Knowledge",4 years,MD
Science,B.Sc,Doctor,"Research, Scientific Knowledge",4 years,MCA
Science,Engineering,Doctor,"Problem-Solving, Analytical Thinking",3 years,MCA
Science,Biotechnology,Data Scientist,"Hands-on Medical Skills, Patient Care Expertise",2 years,Biotechnology PG
Science,Biotechnology,Pharmacist,"Data Analysis, Laboratory Techniques",3 years,Biotechnology PG
Science,B.Tech,Pharmacist,"Problem-Solving, Analytical Thinking",4 years,MS
Science,MBBS,Pharmacist,"Hands-on Medical Skills, Patient Care Expertise",2 years,MS
Science,Nursing,Lab Technician,"Data Analysis, Laboratory Techniques",3 years,MCA
Science,Engineering,Data Scientist,"Research, Scientific Knowledge",5 years,MD
Science,MBBS,Engineer,"Data Analysis, Laboratory Techniques",4 years,MCA
Science,Biotechnology,Lab Technician,"Research, Scientific Knowledge",3 years,Biotechnology PG
Science,B.Pharm,Data Scientist,"Hands-on Medical Skills, Patient Care Expertise",2 years,MCA
Science,B.Pharm,Pharmacist,"Problem-Solving, Analytical Thinking",5 years,Biotechnology PG
Science,B.Pharm,Data Scientist,"Problem-Solving, Analytical Thinking",3 years,MCA
Science,MBBS,Doctor,"Problem-Solving, Analytical Thinking",4 years,MS
Science,B.Pharm,Engineer,"Research, Scientific Knowledge",4 years,MS
Science,B.Tech,Doctor,"Data Analysis, Laboratory Techniques",2 years,MD
Science,MBBS,Data Scientist,"Data Analysis, Laboratory Techniques",5 years,Biotechnology PG
Science,Biotechnology,Data Scientist,"Technical Skills, Engineering Fundamentals",3 years,MD
Science,Biotechnology,Data Scientist,"Data Analysis, Laboratory Techniques",3 years,MS
Science,B.Pharm,Engineer,"Research, Scientific Knowledge",4 years,MCA
Science,Engineering,Engineer,"Hands-on Medical Skills, Patient Care Expertise",5 years,MD
Science,Biotechnology,Data Scientist,"Problem-Solving, Analytical Thinking",2 years,MD
Science,B.Tech,Data Scientist,"Hands-on Medical Skills, Patient Care Expertise",5 years,Medical Specialization
Science,Nursing,Engineer,"Data Analysis, Laboratory Techniques",5 years,M.Tech
Science,Microbiology,Lab Technician,"Problem-Solving, Analytical Thinking",2 years,M.Sc
Science,MBBS,Pharmacist,"Research, Scientific Knowledge",3 years,MS
Science,Engineering,Doctor,"Hands-on Medical Skills, Patient Care Expertise",4 years,MD
Science,B.Pharm,Researcher,"Problem-Solving, Analytical Thinking",4 years,M.Tech
Science,B.Pharm,Engineer,"Data Analysis, Laboratory Techniques",2 years,MS
Science,MBBS,Engineer,"Hands-on Medical Skills, Patient Care Expertise",2 years,M.Sc
Science,B.Pharm,Pharmacist,"Data Analysis, Laboratory Techniques",3 years,MD
Science,Engineering,Researcher,"Technical Skills, Engineering Fundamentals",5 years,M.Pharm
Science,B.Tech,Researcher,"Technical Skills, Engineering Fundamentals",2 years,M.Sc
Science,B.Tech,Engineer,"Hands-on Medical Skills, Patient Care Expertise",2 years,Biotechnology PG
Science,B.Tech,Engineer,"Hands-on Medical Skills, Patient Care Expertise",4 years,Biotechnology PG
Science,B.Tech,Researcher,"Innovation, Creativity in Solutions",3 years,MS
Science,B.Sc,Data Scientist,"Data Analysis, Laboratory Techniques",4 years,M.Sc
Science,B.Sc,Lab Technician,"Innovation, Creativity in Solutions",4 years,M.Tech
Science,B.Tech,Data Scientist,"Innovation, Creativity in Solutions",5 years,MCA
Science,Biotechnology,Data Scientist,"Technical Skills, Engineering Fundamentals",4 years,M.Pharm
Science,Nursing,Researcher,"Hands-on Medical Skills, Patient Care Expertise",5 years,M.Pharm
Science,B.Pharm,Engineer,"Innovation, Creativity in Solutions",4 years,M.Sc
Science,MBBS,Data Scientist,"Hands-on Medical Skills, Patient Care Expertise",3 years,Biotechnology PG
Science,MBBS,Lab Technician,"Data Analysis, Laboratory Techniques",4 years,M.Pharm
Science,MBBS,Data Scientist,"Hands-on Medical Skills, Patient Care Expertise",4 years,MS
Science,B.Tech,Engineer,"Data Analysis, Laboratory Techniques",3 years,Biotechnology PG
Science,B.Pharm,Engineer,"Hands-on Medical Skills, Patient Care Expertise",4 years,MD
Science,B.Pharm,Lab Technician,"Data Analysis, Laboratory Techniques",2 years,M.Tech
Science,Nursing,Data Scientist,"Data Analysis, Laboratory Techniques",3 years,M.Sc
Science,B.Sc,Researcher,"Problem-Solving, Analytical Thinking",4 years,Biotechnology PG
Science,Engineering,Pharmacist,"Data Analysis, Laboratory Techniques",2 years,MS
Science,B.Sc,Doctor,"Innovation, Creativity in Solutions",3 years,Biotechnology PG
Science,Engineering,Lab Technician,"Technical Skills, Engineering Fundamentals",2 years,Biotechnology PG
Science,MBBS,Data Scientist,"Innovation, Creativity in Solutions",2 years,MS
Science,Engineering,Lab Technician,"Innovation, Creativity in Solutions",2 years,MD
Science,B.Sc,Doctor,"Hands-on Medical Skills, Patient Care Expertise",5 years,Medical Specialization
Science,B.Sc,Pharmacist,"Innovation, Creativity in Solutions",5 years,Medical Specialization
Science,Biotechnology,Lab Technician,"Technical Skills, Engineering Fundamentals",5 years,MD
Science,Engineering,Lab Technician,"Research, Scientific Knowledge",5 years,MS
Science,Microbiology,Lab Technician,"Innovation, Creativity in Solutions",2 years,M.Tech
Science,Biotechnology,Pharmacist,"Research, Scientific Knowledge",4 years,M.Sc
Science,B.Tech,Pharmacist,"Hands-on Medical Skills, Patient Care Expertise",4 years,MCA
Science,B.Tech,Engineer,"Hands-on Medical Skills, Patient Care Expertise",5 years,Biotechnology PG
Science,Biotechnology,Lab Technician,"Technical Skills, Engineering Fundamentals",4 years,M.Pharm
Science,Nursing,Researcher,"Problem-Solving, Analytical Thinking",2 years,Medical Specialization
Science,B.Sc,Pharmacist,"Data Analysis, Laboratory Techniques",2 years,MD
Science,B.Tech,Doctor,"Research, Scientific Knowledge",4 years,M.Tech
Science,B.Sc,Researcher,"Research, Scientific Knowledge",4 years,Biotechnology PG
Science,Biotechnology,Data Scientist,"Innovation, Creativity in Solutions",3 years,M.Sc
Science,B.Tech,Lab Technician,"Data Analysis, Laboratory Techniques",4 years,MS
Science,Engineering,Data Scientist,"Innovation, Creativity in Solutions",4 years,M.Sc
Science,Nursing,Researcher,"Research, Scientific Knowledge",2 years,MS
Science,Biotechnology,Lab Technician,"Hands-on Medical Skills, Patient Care Expertise",3 years,Biotechnology PG
Science,MBBS,Pharmacist,"Hands-on Medical Skills, Patient Care Expertise",2 years,MCA
Science,B.Tech,Doctor,"Hands-on Medical Skills, Patient Care Expertise",2 years,M.Tech
Science,B.Sc,Engineer,"Innovation, Creativity in Solutions",4 years,M.Sc
Science,Biotechnology,Pharmacist,"Hands-on Medical Skills, Patient Care Expertise",4 years,M.Sc
Science,Biotechnology,Data Scientist,"Problem-Solving, Analytical Thinking",2 years,M.Tech
Science,B.Pharm,Researcher,"Innovation, Creativity in Solutions",3 years,M.Sc
Science,B.Pharm,Data Scientist,"Research, Scientific Knowledge",3 years,M.Tech
Science,B.Tech,Data Scientist,"Problem-Solving, Analytical Thinking",2 years,M.Sc
Science,Nursing,Pharmacist,"Research, Scientific Knowledge",5 years,M.Sc
Science,Biotechnology,Pharmacist,"Data Analysis, Laboratory Techniques",5 years,MS
Science,Engineering,Researcher,"Hands-on Medical Skills, Patient Care Expertise",2 years,Biotechnology PG
Science,B.Pharm,Doctor,"Problem-Solving, Analytical Thinking",3 years,Biotechnology PG
Science,B.Pharm,Engineer,"Data Analysis, Laboratory Techniques",3 years,Medical Specialization
Science,B.Pharm,Engineer,"Research, Scientific Knowledge",2 years,M.Tech
Science,Biotechnology,Data Scientist,"Research, Scientific Knowledge",4 years,MD
Science,Engineering,Engineer,"Technical Skills, Engineering Fundamentals",5 years,Biotechnology PG
Science,B.Pharm,Researcher,"Data Analysis, Laboratory Techniques",2 years,M.Tech
Science,Engineering,Researcher,"Technical Skills, Engineering Fundamentals",3 years,Biotechnology PG
Science,B.Pharm,Data Scientist,"Innovation, Creativity in Solutions",2 years,M.Pharm
Science,B.Sc,Doctor,"Research, Scientific Knowledge",2 years,MCA
Science,B.Pharm,Data Scientist,"Innovation, Creativity in Solutions",4 years,Medical Specialization
Science,Microbiology,Lab Technician,"Research, Scientific Knowledge",2 years,M.Pharm
Science,B.Sc,Doctor,"Data Analysis, Laboratory Techniques",3 years,Biotechnology PG
Science,B.Tech,Engineer,"Innovation, Creativity in Solutions",2 years,MS
Science,B.Sc,Engineer,"Problem-Solving, Analytical Thinking",2 years,M.Sc
Science,MBBS,Researcher,"Technical Skills, Engineering Fundamentals",3 years,Biotechnology PG
Science,B.Sc,Researcher,"Data Analysis, Laboratory Techniques",2 years,M.Pharm
Science,B.Sc,Data Scientist,"Hands-on Medical Skills, Patient Care Expertise",3 years,MS
Science,Microbiology,Data Scientist,"Data Analysis, Laboratory Techniques",5 years,MCA
Science,B.Sc,Doctor,"Innovation, Creativity in Solutions",5 years,MS
Science,Engineering,Doctor,"Hands-on Medical Skills, Patient Care Expertise",5 years,M.Pharm
Science,Engineering,Doctor,"Research, Scientific Knowledge",4 years,M.Tech
Science,Engineering,Doctor,"Innovation, Creativity in Solutions",2 years,M.Sc
Science,Biotechnology,Data Scientist,"Research, Scientific Knowledge",4 years,M.Sc
Science,MBBS,Data Scientist,"Innovation, Creativity in Solutions",4 years,M.Pharm
Science,MBBS,Researcher,"Innovation, Creativity in Solutions",2 years,M.Sc
Science,B.Pharm,Doctor,"Research, Scientific Knowledge",5 years,M.Sc
Science,Biotechnology,Doctor,"Hands-on Medical Skills, Patient Care Expertise",5 years,MD
Science,Nursing,Data Scientist,"Technical Skills, Engineering Fundamentals",5 years,Medical Specialization
Science,Microbiology,Pharmacist,"Research, Scientific Knowledge",4 years,M.Sc
Science,Microbiology,Data Scientist,"Problem-Solving, Analytical Thinking",4 years,M.Pharm
Science,B.Tech,Researcher,"Technical Skills, Engineering Fundamentals",5 years,Biotechnology PG
Science,B.Sc,Researcher,"Innovation, Creativity in Solutions",2 years,MS
Science,B.Tech,Lab Technician,"Research, Scientific Knowledge",2 years,MS
Science,B.Pharm,Doctor,"Data Analysis, Laboratory Techniques",3 years,M.Sc
Science,Biotechnology,Lab Technician,"Data Analysis, Laboratory Techniques",5 years,MCA
Science,Engineering,Doctor,"Hands-on Medical Skills, Patient Care Expertise",2 years,MS
Science,Engineering,Researcher,"Hands-on Medical Skills, Patient Care Expertise",3 years,M.Tech
Science,MBBS,Lab Technician,"Technical Skills, Engineering Fundamentals",4 years,Biotechnology PG
Science,B.Pharm,Pharmacist,"Research, Scientific Knowledge",4 years,MD
Science,Biotechnology,Pharmacist,"Research, Scientific Knowledge",4 years,Biotechnology PG
Science,Microbiology,Data Scientist,"Data Analysis, Laboratory Techniques",4 years,Biotechnology PG
Science,Microbiology,Lab Technician,"Data Analysis, Laboratory Techniques",4 years,Biotechnology PG
Science,Nursing,Data Scientist,"Data Analysis, Laboratory Techniques",4 years,MS
Science,Engineering,Engineer,"Problem-Solving, Analytical Thinking",3 years,Biotechnology PG
Science,B.Tech,Data Scientist,"Hands-on Medical Skills, Patient Care Expertise",2 years,MD
Science,Microbiology,Data Scientist,"Hands-on Medical Skills, Patient Care Expertise",3 years,M.Tech
Science,Biotechnology,Doctor,"Innovation, Creativity in Solutions",5 years,M.Sc
Science,Engineering,Doctor,"Hands-on Medical Skills, Patient Care Expertise",3 years,MS
Science,MBBS,Lab Technician,"Innovation, Creativity in Solutions",2 years,Biotechnology PG
Science,Biotechnology,Lab Technician,"Research, Scientific Knowledge",3 years,M.Pharm
Science,Biotechnology,Data Scientist,"Data Analysis, Laboratory Techniques",5 years,MS
Science,Microbiology,Doctor,"Technical Skills, Engineering Fundamentals",3 years,MCA
Science,B.Pharm,Engineer,"Data Analysis, Laboratory Techniques",3 years,M.Sc
Science,MBBS,Pharmacist,"Research, Scientific Knowledge",2 years,Medical Specialization
Science,Biotechnology,Lab Technician,"Data Analysis, Laboratory Techniques",5 years,Medical Specialization
Science,B.Pharm,Engineer,"Technical Skills, Engineering Fundamentals",5 years,M.Tech
Science,Engineering,Engineer,"Innovation, Creativity in Solutions",5 years,MS
Science,Nursing,Engineer,"Research, Scientific Knowledge",4 years,M.Sc
Science,Microbiology,Lab Technician,"Technical Skills, Engineering Fundamentals",2 years,MD
Science,B.Tech,Doctor,"Innovation, Creativity in Solutions",3 years,M.Sc
Science,B.Sc,Pharmacist,"Hands-on Medical Skills, Patient Care Expertise",4 years,MS
Science,Nursing,Lab Technician,"Hands-on Medical Skills, Patient Care Expertise",4 years,Biotechnology PG
Science,Biotechnology,Pharmacist,"Hands-on Medical Skills, Patient Care Expertise",4 years,MD
Science,B.Sc,Data Scientist,"Technical Skills, Engineering Fundamentals",4 years,M.Tech
Science,B.Sc,Pharmacist,"Research, Scientific Knowledge",5 years,MD
Science,B.Tech,Doctor,"Data Analysis, Laboratory Techniques",5 years,MS
Science,Biotechnology,Engineer,"Technical Skills, Engineering Fundamentals",5 years,MD
Science,Nursing,Pharmacist,"Data Analysis, Laboratory Techniques",4 years,MCA
Science,Microbiology,Researcher,"Research, Scientific Knowledge",4 years,Medical Specialization
Science,MBBS,Engineer,"Research, Scientific Knowledge",4 years,MS
Science,B.Pharm,Researcher,"Innovation, Creativity in Solutions",4 years,Medical Specialization
Science,Nursing,Data Scientist,"Innovation, Creativity in Solutions",4 years,M.Sc
Science,Biotechnology,Engineer,"Research, Scientific Knowledge",2 years,M.Tech
Science,B.Pharm,Engineer,"Research, Scientific Knowledge",5 years,M.Pharm
Science,Biotechnology,Lab Technician,"Innovation, Creativity in Solutions",4 years,M.Tech
Science,B.Sc,Researcher,"Innovation, Creativity in Solutions",2 years,M.Sc
Science,B.Sc,Doctor,"Research, Scientific Knowledge",5 years,MD
Science,Microbiology,Researcher,"Innovation, Creativity in Solutions",2 years,Medical Specialization
Science,B.Tech,Researcher,"Hands-on Medical Skills, Patient Care Expertise",5 years,MS
Science,Engineering,Doctor,"Hands-on Medical Skills, Patient Care Expertise",2 years,M.Pharm
Science,B.Pharm,Engineer,"Innovation, Creativity in Solutions",5 years,Medical Specialization
Science,B.Tech,Engineer,"Research, Scientific Knowledge",5 years,Biotechnology PG
Science,B.Pharm,Data Scientist,"Data Analysis, Laboratory Techniques",2 years,Biotechnology PG
Science,Engineering,Data Scientist,"Hands-on Medical Skills, Patient Care Expertise",4 years,M.Pharm
Science,Engineering,Doctor,"Hands-on Medical Skills, Patient Care Expertise",5 years,Medical Specialization
Science,Engineering,Lab Technician,"Problem-Solving, Analytical Thinking",4 years,M.Sc
Science,B.Pharm,Doctor,"Problem-Solving, Analytical Thinking",5 years,Biotechnology PG
Science,B.Sc,Doctor,"Hands-on Medical Skills, Patient Care Expertise",5 years,Biotechnology PG
Science,MBBS,Data Scientist,"Research, Scientific Knowledge",4 years,Medical Specialization
Science,Engineering,Researcher,"Research, Scientific Knowledge",2 years,M.Tech
Science,Nursing,Researcher,"Research, Scientific Knowledge",4 years,M.Pharm
Science,B.Sc,Lab Technician,"Hands-on Medical Skills, Patient Care Expertise",4 years,MCA
Science,Microbiology,Pharmacist,"Hands-on Medical Skills, Patient Care Expertise",2 years,MD
Science,Microbiology,Data Scientist,"Problem-Solving, Analytical Thinking",5 years,M.Pharm
Science,Nursing,Data Scientist,"Technical Skills, Engineering Fundamentals",5 years,M.Sc
Science,Engineering,Doctor,"Hands-on Medical Skills, Patient Care Expertise",4 years,M.Pharm
Science,Biotechnology,Doctor,"Innovation, Creativity in Solutions",2 years,M.Sc
Science,B.Tech,Pharmacist,"Technical Skills, Engineering Fundamentals",4 years,Biotechnology PG
Science,Engineering,Lab Technician,"Research, Scientific Knowledge",3 years,M.Sc
Science,Biotechnology,Pharmacist,"Problem-Solving, Analytical Thinking",2 years,M.Sc
Science,Nursing,Data Scientist,"Data Analysis, Laboratory Techniques",3 years,M.Pharm
Science,B.Tech,Researcher,"Hands-on Medical Skills, Patient Care Expertise",5 years,Medical Specialization
Science,Biotechnology,Pharmacist,"Hands-on Medical Skills, Patient Care Expertise",3 years,M.Pharm
Science,Nursing,Researcher,"Technical Skills, Engineering Fundamentals",2 years,Biotechnology PG
Science,Microbiology,Researcher,"Hands-on Medical Skills, Patient Care Expertise",3 years,MD
Science,B.Pharm,Pharmacist,"Data Analysis, Laboratory Techniques",4 years,MS
Science,MBBS,Doctor,"Problem-Solving, Analytical Thinking",2 years,M.Tech
Science,B.Tech,Doctor,"Problem-Solving, Analytical Thinking",2 years,MS
Science,Engineering,Doctor,"Research, Scientific Knowledge",2 years,MS
Science,B.Sc,Researcher,"Problem-Solving, Analytical Thinking",5 years,MCA
Science,Engineering,Doctor,"Research, Scientific Knowledge",4 years,MD
Science,Microbiology,Pharmacist,"Hands-on Medical Skills, Patient Care Expertise",4 years,MCA
Science,Engineering,Lab Technician,"Data Analysis, Laboratory Techniques",3 years,MS
Science,B.Pharm,Doctor,"Innovation, Creativity in Solutions",2 years,MCA
Science,B.Sc,Researcher,"Innovation, Creativity in Solutions",3 years,MD
Science,B.Sc,Engineer,"Data Analysis, Laboratory Techniques",2 years,M.Pharm
Science,B.Sc,Data Scientist,"Research, Scientific Knowledge",3 years,M.Tech
Science,B.Sc,Pharmacist,"Innovation, Creativity in Solutions",5 years,M.Sc
Science,B.Sc,Lab Technician,"Research, Scientific Knowledge",3 years,Biotechnology PG
Science,B.Pharm,Pharmacist,"Research, Scientific Knowledge",4 years,M.Pharm
Science,B.Pharm,Doctor,"Problem-Solving, Analytical Thinking",3 years,M.Tech
Science,Engineering,Engineer,"Data Analysis, Laboratory Techniques",5 years,M.Pharm
Science,Nursing,Engineer,"Technical Skills, Engineering Fundamentals",3 years,Medical Specialization
Science,Microbiology,Engineer,"Innovation, Creativity in Solutions",5 years,Biotechnology PG
Science,Engineering,Researcher,"Research, Scientific Knowledge",5 years,MCA
Science,Engineering,Researcher,"Technical Skills, Engineering Fundamentals",2 years,Medical Specialization
Science,B.Sc,Doctor,"Data Analysis, Laboratory Techniques",4 years,Biotechnology PG
Science,Engineering,Doctor,"Problem-Solving, Analytical Thinking",4 years,Medical Specialization
Science,MBBS,Researcher,"Research, Scientific Knowledge",5 years,M.Pharm
Science,Nursing,Data Scientist,"Problem-Solving, Analytical Thinking",4 years,M.Sc
Science,Biotechnology,Lab Technician,"Technical Skills, Engineering Fundamentals",3 years,MS
Science,MBBS,Researcher,"Innovation, Creativity in Solutions",3 years,M.Pharm
Science,B.Pharm,Doctor,"Research, Scientific Knowledge",5 years,M.Tech
Science,B.Tech,Doctor,"Research, Scientific Knowledge",3 years,MD
Science,B.Tech,Engineer,"Research, Scientific Knowledge",4 years,M.Pharm
Science,Nursing,Data Scientist,"Data Analysis, Laboratory Techniques",2 years,MS
Science,B.Tech,Engineer,"Problem-Solving, Analytical Thinking",4 years,MD
Science,MBBS,Engineer,"Innovation, Creativity in Solutions",4 years,MCA
Science,Engineering,Doctor,"Hands-on Medical Skills, Patient Care Expertise",2 years,MCA
Science,Nursing,Doctor,"Innovation, Creativity in Solutions",3 years,M.Pharm
Science,B.Sc,Lab Technician,"Innovation, Creativity in Solutions",2 years,MD
Science,B.Sc,Engineer,"Innovation, Creativity in Solutions",4 years,Medical Specialization
Science,Biotechnology,Researcher,"Research, Scientific Knowledge",2 years,M.Pharm
Science,Biotechnology,Pharmacist,"Hands-on Medical Skills, Patient Care Expertise",5 years,Medical Specialization
Science,Biotechnology,Data Scientist,"Hands-on Medical Skills, Patient Care Expertise",3 years,MD
Science,Biotechnology,Engineer,"Innovation, Creativity in Solutions",5 years,MD
Science,B.Tech,Doctor,"Innovation, Creativity in Solutions",5 years,MD
Science,B.Sc,Data Scientist,"Technical Skills, Engineering Fundamentals",3 years,M.Pharm
Science,Nursing,Researcher,"Hands-on Medical Skills, Patient Care Expertise",3 years,M.Sc
Science,Engineering,Lab Technician,"Technical Skills, Engineering Fundamentals",4 years,MD
Science,Nursing,Pharmacist,"Hands-on Medical Skills, Patient Care Expertise",4 years,Biotechnology PG
Science,Microbiology,Pharmacist,"Hands-on Medical Skills, Patient Care Expertise",5 years,MS
Science,B.Pharm,Engineer,"Hands-on Medical Skills, Patient Care Expertise",3 years,Medical Specialization
Science,MBBS,Pharmacist,"Research, Scientific Knowledge",5 years,MD
Science,Nursing,Doctor,"Technical Skills, Engineering Fundamentals",2 years,Medical Specialization
Science,Nursing,Researcher,"Research, Scientific Knowledge",5 years,Medical Specialization
Science,Biotechnology,Lab Technician,"Innovation, Creativity in Solutions",4 years,M.Tech
Science,Engineering,Engineer,"Data Analysis, Laboratory Techniques",2 years,Medical Specialization
Science,Biotechnology,Engineer,"Innovation, Creativity in Solutions",2 years,M.Sc
Science,B.Sc,Lab Technician,"Data Analysis, Laboratory Techniques",3 years,Biotechnology PG
Science,Engineering,Engineer,"Technical Skills, Engineering Fundamentals",5 years,Medical Specialization
Science,MBBS,Lab Technician,"Technical Skills, Engineering Fundamentals",2 years,MD
Science,Engineering,Pharmacist,"Research, Scientific Knowledge",4 years,MD
Science,B.Sc,Data Scientist,"Innovation, Creativity in Solutions",4 years,M.Sc
Science,MBBS,Researcher,"Research, Scientific Knowledge",5 years,Biotechnology PG
Science,MBBS,Data Scientist,"Hands-on Medical Skills, Patient Care Expertise",2 years,Medical Specialization
Science,Biotechnology,Doctor,"Data Analysis, Laboratory Techniques",2 years,M.Sc
Science,B.Pharm,Engineer,"Hands-on Medical Skills, Patient Care Expertise",5 years,MS
Science,Microbiology,Pharmacist,"Innovation, Creativity in Solutions",4 years,MD
Science,B.Pharm,Researcher,"Data Analysis, Laboratory Techniques",2 years,M.Sc
Science,Biotechnology,Researcher,"Technical Skills, Engineering Fundamentals",4 years,MD
Science,Biotechnology,Lab Technician,"Problem-Solving, Analytical Thinking",4 years,M.Pharm
Science,B.Sc,Doctor,"Data Analysis, Laboratory Techniques",3 years,Medical Specialization
Science,B.Tech,Data Scientist,"Technical Skills, Engineering Fundamentals",4 years,MCA
Science,Microbiology,Data Scientist,"Innovation, Creativity in Solutions",4 years,MCA
Science,B.Sc,Data Scientist,"Research, Scientific Knowledge",2 years,Medical Specialization
Science,Biotechnology,Doctor,"Hands-on Medical Skills, Patient Care Expertise",5 years,MS
Science,Microbiology,Pharmacist,"Innovation, Creativity in Solutions",4 years,M.Sc
Science,Nursing,Engineer,"Innovation, Creativity in Solutions",3 years,MD
Science,B.Pharm,Lab Technician,"Technical Skills, Engineering Fundamentals",5 years,MS
Science,B.Tech,Engineer,"Hands-on Medical Skills, Patient Care Expertise",4 years,MCA
Science,B.Sc,Researcher,"Research, Scientific Knowledge",4 years,MS
Science,Nursing,Researcher,"Problem-Solving, Analytical Thinking",2 years,M.Pharm
Science,Microbiology,Data Scientist,"Hands-on Medical Skills, Patient Care Expertise",3 years,Medical Specialization
Science,B.Pharm,Lab Technician,"Technical Skills, Engineering Fundamentals",2 years,M.Pharm
Science,B.Tech,Doctor,"Innovation, Creativity in Solutions",3 years,M.Pharm
Science,Engineering,Data Scientist,"Technical Skills, Engineering Fundamentals",3 years,MD
Science,Engineering,Data Scientist,"Hands-on Medical Skills, Patient Care Expertise",3 years,M.Sc
Science,Microbiology,Researcher,"Data Analysis, Laboratory Techniques",3 years,M.Sc
Science,B.Pharm,Engineer,"Research, Scientific Knowledge",3 years,Medical Specialization
Science,B.Sc,Engineer,"Technical Skills, Engineering Fundamentals",2 years,MCA
Science,Engineering,Researcher,"Technical Skills, Engineering Fundamentals",3 years,MD
Science,B.Sc,Engineer,"Research, Scientific Knowledge",4 years,Medical Specialization
Science,Microbiology,Engineer,"Technical Skills, Engineering Fundamentals",2 years,MD
Science,Nursing,Engineer,"Technical Skills, Engineering Fundamentals",4 years,MCA
Science,B.Sc,Pharmacist,"Data Analysis, Laboratory Techniques",4 years,MCA
Science,B.Pharm,Data Scientist,"Research, Scientific Knowledge",4 years,Biotechnology PG
Science,Microbiology,Pharmacist,"Data Analysis, Laboratory Techniques",5 years,M.Tech
Science,Nursing,Researcher,"Hands-on Medical Skills, Patient Care Expertise",3 years,M.Sc
Science,MBBS,Engineer,"Research, Scientific Knowledge",3 years,MD
Science,MBBS,Pharmacist,"Technical Skills, Engineering Fundamentals",3 years,M.Tech
Science,B.Tech,Engineer,"Data Analysis, Laboratory Techniques",5 years,Biotechnology PG
Science,Microbiology,Researcher,"Problem-Solving, Analytical Thinking",5 years,M.Tech
Science,B.Sc,Lab Technician,"Research, Scientific Knowledge",3 years,MCA
Science,B.Pharm,Lab Technician,"Research, Scientific Knowledge",4 years,M.Tech
Science,MBBS,Engineer,"Data Analysis, Laboratory Techniques",3 years,Biotechnology PG
Science,Engineering,Doctor,"Problem-Solving, Analytical Thinking",5 years,MS
Science,B.Sc,Doctor,"Hands-on Medical Skills, Patient Care Expertise",3 years,M.Sc
Science,Engineering,Data Scientist,"Hands-on Medical Skills, Patient Care Expertise",3 years,M.Tech
Science,B.Sc,Doctor,"Technical Skills, Engineering Fundamentals",2 years,Medical Specialization
Science,B.Tech,Doctor,"Innovation, Creativity in Solutions",3 years,MD
Science,MBBS,Pharmacist,"Data Analysis, Laboratory Techniques",5 years,Medical Specialization
Science,B.Pharm,Lab Technician,"Technical Skills, Engineering Fundamentals",5 years,MS
Science,Nursing,Pharmacist,"Data Analysis, Laboratory Techniques",5 years,MD
Science,Microbiology,Doctor,"Hands-on Medical Skills, Patient Care Expertise",5 years,Biotechnology PG
Science,MBBS,Researcher,"Problem-Solving, Analytical Thinking",4 years,MD
Science,B.Tech,Data Scientist,"Data Analysis, Laboratory Techniques",3 years,M.Sc
Science,B.Tech,Researcher,"Problem-Solving, Analytical Thinking",2 years,Medical Specialization
Science,Microbiology,Engineer,"Data Analysis, Laboratory Techniques",5 years,M.Sc
Science,B.Tech,Researcher,"Hands-on Medical Skills, Patient Care Expertise",4 years,M.Pharm
Science,MBBS,Doctor,"Data Analysis, Laboratory Techniques",4 years,MD
Science,B.Tech,Data Scientist,"Innovation, Creativity in Solutions",4 years,M.Pharm
Science,Microbiology,Researcher,"Research, Scientific Knowledge",2 years,MS
Science,B.Tech,Researcher,"Data Analysis, Laboratory Techniques",2 years,Biotechnology PG
Science,Biotechnology,Researcher,"Research, Scientific Knowledge",3 years,MD
Science,Microbiology,Researcher,"Research, Scientific Knowledge",3 years,MD
Science,MBBS,Lab Technician,"Hands-on Medical Skills, Patient Care Expertise",3 years,Medical Specialization
Science,Nursing,Doctor,"Innovation, Creativity in Solutions",4 years,Biotechnology PG
Science,B.Sc,Researcher,"Problem-Solving, Analytical Thinking",5 years,Biotechnology PG
Science,B.Sc,Data Scientist,"Technical Skills, Engineering Fundamentals",5 years,MS
Science,B.Pharm,Pharmacist,"Problem-Solving, Analytical Thinking",4 years,M.Tech
Science,Engineering,Pharmacist,"Problem-Solving, Analytical Thinking",4 years,M.Tech
Science,B.Tech,Pharmacist,"Research, Scientific Knowledge",4 years,M.Sc
Science,B.Sc,Data Scientist,"Hands-on Medical Skills, Patient Care Expertise",4 years,M.Sc
Science,MBBS,Engineer,"Problem-Solving, Analytical Thinking",3 years,M.Sc
Science,Biotechnology,Lab Technician,"Technical Skills, Engineering Fundamentals",3 years,Medical Specialization
Science,MBBS,Pharmacist,"Research, Scientific Knowledge",4 years,Medical Specialization
Science,Engineering,Researcher,"Technical Skills, Engineering Fundamentals",2 years,Biotechnology PG
Science,Biotechnology,Lab Technician,"Technical Skills, Engineering Fundamentals",4 years,Medical Specialization
Science,MBBS,Doctor,"Technical Skills, Engineering Fundamentals",3 years,MD
Science,B.Tech,Pharmacist,"Data Analysis, Laboratory Techniques",4 years,M.Sc
Science,Microbiology,Engineer,"Technical Skills, Engineering Fundamentals",2 years,MS
Science,B.Pharm,Engineer,"Problem-Solving, Analytical Thinking",5 years,Medical Specialization
Science,MBBS,Doctor,"Innovation, Creativity in Solutions",3 years,MS
Science,Microbiology,Pharmacist,"Data Analysis, Laboratory Techniques",4 years,Medical Specialization
Science,Nursing,Data Scientist,"Data Analysis, Laboratory Techniques",4 years,MCA
Science,Engineering,Data Scientist,"Research, Scientific Knowledge",2 years,M.Tech
Science,Nursing,Data Scientist,"Hands-on Medical Skills, Patient Care Expertise",4 years,MCA
Science,Biotechnology,Data Scientist,"Hands-on Medical Skills, Patient Care Expertise",4 years,Biotechnology PG
Science,Nursing,Lab Technician,"Innovation, Creativity in Solutions",5 years,M.Tech
Science,B.Sc,Engineer,"Technical Skills, Engineering Fundamentals",2 years,MCA
Science,B.Pharm,Data Scientist,"Innovation, Creativity in Solutions",4 years,M.Pharm
Science,B.Sc,Researcher,"Technical Skills, Engineering Fundamentals",5 years,M.Pharm
Science,B.Sc,Data Scientist,"Research, Scientific Knowledge",2 years,Biotechnology PG
Science,Engineering,Doctor,"Hands-on Medical Skills, Patient Care Expertise",5 years,Biotechnology PG
Science,MBBS,Engineer,"Research, Scientific Knowledge",4 years,Biotechnology PG
Science,Engineering,Data Scientist,"Hands-on Medical Skills, Patient Care Expertise",3 years,Medical Specialization
Science,Microbiology,Lab Technician,"Technical Skills, Engineering Fundamentals",4 years,Biotechnology PG
Science,B.Sc,Pharmacist,"Data Analysis, Laboratory Techniques",2 years,MS
Science,B.Sc,Researcher,"Problem-Solving, Analytical Thinking",2 years,Biotechnology PG
Science,Nursing,Pharmacist,"Technical Skills, Engineering Fundamentals",3 years,M.Sc
Science,Microbiology,Lab Technician,"Research, Scientific Knowledge",5 years,Medical Specialization
Science,B.Sc,Lab Technician,"Research, Scientific Knowledge",2 years,Biotechnology PG
Science,B.Tech,Pharmacist,"Data Analysis, Laboratory Techniques",2 years,MD
Science,MBBS,Lab Technician,"Problem-Solving, Analytical Thinking",3 years,MS
Science,MBBS,Researcher,"Data Analysis, Laboratory Techniques",2 years,Medical Specialization
Science,B.Tech,Data Scientist,"Problem-Solving, Analytical Thinking",4 years,Biotechnology PG
Science,Nursing,Doctor,"Research, Scientific Knowledge",4 years,MS
Science,Engineering,Researcher,"Hands-on Medical Skills, Patient Care Expertise",3 years,M.Sc
Science,Microbiology,Lab Technician,"Data Analysis, Laboratory Techniques",5 years,MS
Science,B.Sc,Doctor,"Data Analysis, Laboratory Techniques",2 years,M.Tech
Science,Engineering,Engineer,"Hands-on Medical Skills, Patient Care Expertise",3 years,M.Sc
Science,Microbiology,Researcher,"Hands-on Medical Skills, Patient Care Expertise",4 years,Medical Specialization
Science,MBBS,Data Scientist,"Research, Scientific Knowledge",2 years,Biotechnology PG
Science,Microbiology,Researcher,"Research, Scientific Knowledge",3 years,M.Tech
Science,B.Sc,Lab Technician,"Problem-Solving, Analytical Thinking",4 years,Medical Specialization
Science,Microbiology,Doctor,"Technical Skills, Engineering Fundamentals",4 years,Biotechnology PG
Science,B.Sc,Data Scientist,"Problem-Solving, Analytical Thinking",5 years,Biotechnology PG
Science,B.Tech,Doctor,"Data Analysis, Laboratory Techniques",3 years,MD
Science,B.Pharm,Doctor,"Technical Skills, Engineering Fundamentals",4 years,MCA
Science,Biotechnology,Engineer,"Problem-Solving, Analytical Thinking",5 years,M.Pharm
Science,Nursing,Researcher,"Technical Skills, Engineering Fundamentals",4 years,MS
Science,B.Pharm,Pharmacist,"Hands-on Medical Skills, Patient Care Expertise",5 years,MS
Science,Engineering,Data Scientist,"Data Analysis, Laboratory Techniques",5 years,M.Tech
Science,B.Pharm,Pharmacist,"Hands-on Medical Skills, Patient Care Expertise",3 years,Biotechnology PG
Science,Microbiology,Doctor,"Hands-on Medical Skills, Patient Care Expertise",3 years,Biotechnology PG
Science,Engineering,Pharmacist,"Technical Skills, Engineering Fundamentals",2 years,Biotechnology PG
Science,B.Tech,Engineer,"Problem-Solving, Analytical Thinking",2 years,Biotechnology PG
Science,B.Tech,Lab Technician,"Innovation, Creativity in Solutions",5 years,M.Sc
Science,B.Pharm,Engineer,"Problem-Solving, Analytical Thinking",5 years,M.Sc
Science,Engineering,Pharmacist,"Research, Scientific Knowledge",5 years,MS
Science,Engineering,Data Scientist,"Problem-Solving, Analytical Thinking",2 years,M.Tech
Science,Biotechnology,Engineer,"Innovation, Creativity in Solutions",5 years,MS
Science,B.Sc,Doctor,"Hands-on Medical Skills, Patient Care Expertise",2 years,Medical Specialization
Science,B.Tech,Researcher,"Data Analysis, Laboratory Techniques",4 years,MD
Science,B.Pharm,Data Scientist,"Problem-Solving, Analytical Thinking",2 years,Biotechnology PG
Science,MBBS,Doctor,"Research, Scientific Knowledge",2 years,M.Tech
Science,B.Pharm,Engineer,"Data Analysis, Laboratory Techniques",5 years,MS
Science,Nursing,Doctor,"Data Analysis, Laboratory Techniques",3 years,MCA
Science,Biotechnology,Pharmacist,"Data Analysis, Laboratory Techniques",4 years,MD
Science,B.Pharm,Doctor,"Innovation, Creativity in Solutions",2 years,MCA
Science,MBBS,Researcher,"Hands-on Medical Skills, Patient Care Expertise",5 years,Biotechnology PG
Science,Biotechnology,Researcher,"Technical Skills, Engineering Fundamentals",4 years,Biotechnology PG
Science,Nursing,Engineer,"Hands-on Medical Skills, Patient Care Expertise",5 years,M.Pharm
Science,B.Sc,Doctor,"Problem-Solving, Analytical Thinking",5 years,M.Pharm
Science,Nursing,Engineer,"Problem-Solving, Analytical Thinking",4 years,M.Tech
Science,B.Tech,Researcher,"Hands-on Medical Skills, Patient Care Expertise",5 years,M.Tech
Science,B.Sc,Engineer,"Innovation, Creativity in Solutions",5 years,M.Sc
Science,Microbiology,Lab Technician,"Problem-Solving, Analytical Thinking",2 years,Biotechnology PG
Science,Nursing,Lab Technician,"Technical Skills, Engineering Fundamentals",4 years,Biotechnology PG
Science,MBBS,Engineer,"Data Analysis, Laboratory Techniques",3 years,MS
Science,Biotechnology,Doctor,"Innovation, Creativity in Solutions",4 years,M.Sc
Science,B.Tech,Engineer,"Research, Scientific Knowledge",3 years,Medical Specialization
Science,Microbiology,Pharmacist,"Technical Skills, Engineering Fundamentals",5 years,Medical Specialization
Science,Biotechnology,Doctor,"Hands-on Medical Skills, Patient Care Expertise",4 years,MS
Science,B.Tech,Doctor,"Research, Scientific Knowledge",2 years,MD
Science,Engineering,Doctor,"Innovation, Creativity in Solutions",5 years,MCA
Science,Engineering,Lab Technician,"Problem-Solving, Analytical Thinking",5 years,MCA
Science,B.Tech,Engineer,"Innovation, Creativity in Solutions",2 years,Medical Specialization
Science,Biotechnology,Data Scientist,"Problem-Solving, Analytical Thinking",2 years,M.Tech
Science,Engineering,Engineer,"Hands-on Medical Skills, Patient Care Expertise",5 years,M.Pharm
Science,Biotechnology,Pharmacist,"Research, Scientific Knowledge",5 years,M.Sc
Science,Engineering,Researcher,"Research, Scientific Knowledge",2 years,Biotechnology PG
Science,Nursing,Data Scientist,"Problem-Solving, Analytical Thinking",4 years,Biotechnology PG
Science,Biotechnology,Lab Technician,"Research, Scientific Knowledge",3 years,Biotechnology PG
Science,B.Tech,Pharmacist,"Innovation, Creativity in Solutions",5 years,MS
Science,Engineering,Doctor,"Research, Scientific Knowledge",4 years,M.Tech
Science,Microbiology,Doctor,"Hands-on Medical Skills, Patient Care Expertise",5 years,MS
Science,Microbiology,Pharmacist,"Technical Skills, Engineering Fundamentals",4 years,Medical Specialization
Science,B.Pharm,Lab Technician,"Technical Skills, Engineering Fundamentals",2 years,M.Sc
Science,MBBS,Lab Technician,"Technical Skills, Engineering Fundamentals",2 years,M.Tech
Science,B.Pharm,Doctor,"Research, Scientific Knowledge",4 years,Medical Specialization
Science,B.Tech,Researcher,"Innovation, Creativity in Solutions",3 years,Biotechnology PG
Science,Engineering,Engineer,"Hands-on Medical Skills, Patient Care Expertise",4 years,M.Sc
Science,Engineering,Data Scientist,"Data Analysis, Laboratory Techniques",5 years,M.Sc
Science,Nursing,Researcher,"Research, Scientific Knowledge",2 years,MD
Science,B.Tech,Data Scientist,"Innovation, Creativity in Solutions",2 years,MCA
Science,Engineering,Pharmacist,"Problem-Solving, Analytical Thinking",3 years,M.Pharm
Science,B.Tech,Doctor,"Technical Skills, Engineering Fundamentals",4 years,MS
Science,Engineering,Engineer,"Problem-Solving, Analytical Thinking",5 years,MD
Science,Nursing,Pharmacist,"Problem-Solving, Analytical Thinking",3 years,MCA
Science,Nursing,Data Scientist,"Data Analysis, Laboratory Techniques",4 years,MS
Science,B.Tech,Engineer,"Innovation, Creativity in Solutions",3 years,Medical Specialization
Science,Nursing,Doctor,"Research, Scientific Knowledge",2 years,MCA
Science,Microbiology,Doctor,"Technical Skills, Engineering Fundamentals",5 years,M.Sc
Science,B.Sc,Researcher,"Technical Skills, Engineering Fundamentals",5 years,Medical Specialization
Science,Nursing,Lab Technician,"Hands-on Medical Skills, Patient Care Expertise",3 years,M.Sc
Science,Nursing,Researcher,"Research, Scientific Knowledge",2 years,M.Pharm
Science,Microbiology,Doctor,"Technical Skills, Engineering Fundamentals",3 years,M.Tech
Science,B.Pharm,Pharmacist,"Problem-Solving, Analytical Thinking",3 years,MD
Science,Biotechnology,Engineer,"Innovation, Creativity in Solutions",4 years,M.Tech
Science,MBBS,Engineer,"Research, Scientific Knowledge",3 years,MD
Science,Microbiology,Pharmacist,"Problem-Solving, Analytical Thinking",3 years,MCA
Science,Biotechnology,Doctor,"Technical Skills, Engineering Fundamentals",3 years,MD
Science,Nursing,Engineer,"Problem-Solving, Analytical Thinking",3 years,MD
Science,Microbiology,Doctor,"Hands-on Medical Skills, Patient Care Expertise",4 years,Biotechnology PG
Science,Engineering,Lab Technician,"Problem-Solving, Analytical Thinking",5 years,MS
Science,Biotechnology,Lab Technician,"Problem-Solving, Analytical Thinking",2 years,Biotechnology PG
Science,Microbiology,Data Scientist,"Innovation, Creativity in Solutions",5 years,M.Sc
Science,B.Sc,Engineer,"Technical Skills, Engineering Fundamentals",5 years,Medical Specialization
Science,Biotechnology,Lab Technician,"Technical Skills, Engineering Fundamentals",5 years,Medical Specialization
Science,Nursing,Lab Technician,"Data Analysis, Laboratory Techniques",5 years,MCA
Science,Microbiology,Engineer,"Problem-Solving, Analytical Thinking",3 years,Biotechnology PG
Science,Microbiology,Data Scientist,"Hands-on Medical Skills, Patient Care Expertise",5 years,M.Tech
Science,MBBS,Engineer,"Data Analysis, Laboratory Techniques",5 years,MS
Science,Biotechnology,Doctor,"Innovation, Creativity in Solutions",4 years,MS
Science,MBBS,Pharmacist,"Data Analysis, Laboratory Techniques",2 years,MD
Science,Biotechnology,Pharmacist,"Data Analysis, Laboratory Techniques",4 years,M.Sc
Science,B.Tech,Data Scientist,"Problem-Solving, Analytical Thinking",5 years,MCA
Science,Nursing,Lab Technician,"Problem-Solving, Analytical Thinking",5 years,MS
Science,B.Tech,Lab Technician,"Hands-on Medical Skills, Patient Care Expertise",5 years,M.Sc
Science,Biotechnology,Doctor,"Research, Scientific Knowledge",2 years,M.Tech
Science,MBBS,Doctor,"Hands-on Medical Skills, Patient Care Expertise",3 years,Biotechnology PG
Science,B.Sc,Doctor,"Research, Scientific Knowledge",4 years,M.Sc
Science,Biotechnology,Pharmacist,"Innovation, Creativity in Solutions",5 years,Medical Specialization
Science,MBBS,Engineer,"Hands-on Medical Skills, Patient Care Expertise",5 years,M.Tech
Science,B.Pharm,Lab Technician,"Data Analysis, Laboratory Techniques",4 years,MCA
Science,Engineering,Data Scientist,"Innovation, Creativity in Solutions",3 years,M.Sc
Science,B.Tech,Pharmacist,"Data Analysis, Laboratory Techniques",4 years,M.Pharm
Science,B.Tech,Lab Technician,"Innovation, Creativity in Solutions",3 years,Biotechnology PG
Science,MBBS,Engineer,"Innovation, Creativity in Solutions",5 years,M.Pharm
Science,Microbiology,Lab Technician,"Research, Scientific Knowledge",3 years,MD
Science,Engineering,Pharmacist,"Data Analysis, Laboratory Techniques",3 years,MS
Science,B.Sc,Engineer,"Research, Scientific Knowledge",2 years,MCA
Science,Biotechnology,Data Scientist,"Data Analysis, Laboratory Techniques",3 years,Medical Specialization
Science,B.Sc,Lab Technician,"Innovation, Creativity in Solutions",3 years,Medical Specialization
Science,Engineering,Engineer,"Hands-on Medical Skills, Patient Care Expertise",3 years,Medical Specialization
Science,Microbiology,Pharmacist,"Technical Skills, Engineering Fundamentals",5 years,M.Sc
Science,MBBS,Data Scientist,"Innovation, Creativity in Solutions",3 years,MCA
Science,Nursing,Engineer,"Problem-Solving, Analytical Thinking",3 years,M.Tech
Science,Microbiology,Engineer,"Technical Skills, Engineering Fundamentals",3 years,MD
Science,Nursing,Researcher,"Problem-Solving, Analytical Thinking",4 years,Medical Specialization
Science,B.Pharm,Data Scientist,"Hands-on Medical Skills, Patient Care Expertise",4 years,MS
Science,Biotechnology,Engineer,"Innovation, Creativity in Solutions",5 years,MS
Science,Nursing,Researcher,"Technical Skills, Engineering Fundamentals",3 years,MCA
Science,MBBS,Researcher,"Technical Skills, Engineering Fundamentals",4 years,MCA
Science,B.Tech,Engineer,"Data Analysis, Laboratory Techniques",3 years,M.Pharm
Science,Microbiology,Engineer,"Innovation, Creativity in Solutions",2 years,MCA
Science,MBBS,Pharmacist,"Innovation, Creativity in Solutions",3 years,Medical Specialization
Science,B.Pharm,Data Scientist,"Research, Scientific Knowledge",2 years,Biotechnology PG
Science,B.Pharm,Data Scientist,"Innovation, Creativity in Solutions",4 years,Medical Specialization
Science,B.Sc,Lab Technician,"Technical Skills, Engineering Fundamentals",4 years,M.Sc
Science,Nursing,Data Scientist,"Problem-Solving, Analytical Thinking",5 years,MD
Science,MBBS,Pharmacist,"Innovation, Creativity in Solutions",2 years,M.Pharm
Science,MBBS,Pharmacist,"Data Analysis, Laboratory Techniques",3 years,M.Sc
Science,Biotechnology,Researcher,"Research, Scientific Knowledge",4 years,M.Sc
Science,Microbiology,Pharmacist,"Research, Scientific Knowledge",5 years,M.Pharm
Science,Microbiology,Doctor,"Problem-Solving, Analytical Thinking",4 years,Biotechnology PG
Science,Microbiology,Doctor,"Technical Skills, Engineering Fundamentals",4 years,M.Sc
Science,B.Sc,Engineer,"Research, Scientific Knowledge",5 years,M.Tech
Science,MBBS,Doctor,"Problem-Solving, Analytical Thinking",5 years,MD
Science,Engineering,Lab Technician,"Innovation, Creativity in Solutions",3 years,Medical Specialization
Science,Engineering,Doctor,"Research, Scientific Knowledge",3 years,M.Sc
Science,Microbiology,Doctor,"Data Analysis, Laboratory Techniques",3 years,Biotechnology PG
Science,Microbiology,Doctor,"Technical Skills, Engineering Fundamentals",3 years,Biotechnology PG
Science,Engineering,Lab Technician,"Research, Scientific Knowledge",2 years,Medical Specialization
Science,B.Tech,Engineer,"Hands-on Medical Skills, Patient Care Expertise",2 years,M.Tech
Science,B.Tech,Doctor,"Technical Skills, Engineering Fundamentals",3 years,Biotechnology PG
Science,B.Tech,Researcher,"Hands-on Medical Skills, Patient Care Expertise",5 years,MCA
Science,B.Sc,Data Scientist,"Hands-on Medical Skills, Patient Care Expertise",3 years,Biotechnology PG
Science,Biotechnology,Lab Technician,"Innovation, Creativity in Solutions",2 years,M.Pharm
Science,B.Sc,Data Scientist,"Innovation, Creativity in Solutions",2 years,MCA
Science,Nursing,Lab Technician,"Research, Scientific Knowledge",4 years,Biotechnology PG
Science,Engineering,Pharmacist,"Technical Skills, Engineering Fundamentals",3 years,M.Tech
Science,B.Tech,Pharmacist,"Technical Skills, Engineering Fundamentals",3 years,M.Tech
Science,Nursing,Lab Technician,"Innovation, Creativity in Solutions",2 years,MS
Science,Biotechnology,Pharmacist,"Hands-on Medical Skills, Patient Care Expertise",4 years,Biotechnology PG
Science,B.Tech,Lab Technician,"Research, Scientific Knowledge",3 years,M.Tech
Science,B.Sc,Doctor,"Innovation, Creativity in Solutions",2 years,M.Tech
Science,Engineering,Data Scientist,"Technical Skills, Engineering Fundamentals",3 years,M.Sc
Science,Microbiology,Data Scientist,"Hands-on Medical Skills, Patient Care Expertise",5 years,MCA
Science,B.Sc,Doctor,"Research, Scientific Knowledge",3 years,MD
Science,Microbiology,Lab Technician,"Problem-Solving, Analytical Thinking",4 years,MD
Science,Biotechnology,Researcher,"Research, Scientific Knowledge",4 years,M.Tech
Science,Biotechnology,Pharmacist,"Hands-on Medical Skills, Patient Care Expertise",2 years,M.Tech
Science,B.Pharm,Lab Technician,"Innovation, Creativity in Solutions",4 years,M.Pharm
Science,Biotechnology,Doctor,"Hands-on Medical Skills, Patient Care Expertise",5 years,MD
Science,Nursing,Researcher,"Hands-on Medical Skills, Patient Care Expertise",2 years,MD
Science,Biotechnology,Data Scientist,"Hands-on Medical Skills, Patient Care Expertise",2 years,M.Tech
Science,Nursing,Pharmacist,"Hands-on Medical Skills, Patient Care Expertise",4 years,M.Sc
Science,B.Pharm,Researcher,"Research, Scientific Knowledge",4 years,M.Pharm
Science,Biotechnology,Pharmacist,"Innovation, Creativity in Solutions",2 years,Biotechnology PG
Science,Engineering,Engineer,"Research, Scientific Knowledge",2 years,Medical Specialization
Science,B.Pharm,Lab Technician,"Problem-Solving, Analytical Thinking",5 years,Biotechnology PG
Science,Microbiology,Researcher,"Data Analysis, Laboratory Techniques",4 years,M.Pharm
Science,B.Tech,Doctor,"Data Analysis, Laboratory Techniques",3 years,M.Tech
Science,Biotechnology,Lab Technician,"Technical Skills, Engineering Fundamentals",3 years,M.Sc
Science,MBBS,Pharmacist,"Research, Scientific Knowledge",3 years,Medical Specialization
Science,MBBS,Researcher,"Data Analysis, Laboratory Techniques",4 years,MD
Science,MBBS,Pharmacist,"Problem-Solving, Analytical Thinking",5 years,M.Tech
Science,Engineering,Pharmacist,"Technical Skills, Engineering Fundamentals",2 years,MD
Science,Engineering,Researcher,"Problem-Solving, Analytical Thinking",5 years,M.Tech
Science,B.Pharm,Pharmacist,"Innovation, Creativity in Solutions",5 years,M.Tech
Science,B.Pharm,Doctor,"Technical Skills, Engineering Fundamentals",3 years,M.Tech
Science,Microbiology,Engineer,"Research, Scientific Knowledge",5 years,M.Tech
Science,Nursing,Researcher,"Research, Scientific Knowledge",5 years,MS
Science,Nursing,Data Scientist,"Hands-on Medical Skills, Patient Care Expertise",4 years,Medical Specialization
Science,MBBS,Researcher,"Data Analysis, Laboratory Techniques",2 years,M.Sc
Science,MBBS,Pharmacist,"Research, Scientific Knowledge",5 years,M.Tech
Science,B.Tech,Data Scientist,"Hands-on Medical Skills, Patient Care Expertise",3 years,Medical Specialization
Science,Engineering,Researcher,"Data Analysis, Laboratory Techniques",5 years,M.Sc
Science,Microbiology,Researcher,"Data Analysis, Laboratory Techniques",4 years,M.Pharm
Science,Engineering,Pharmacist,"Data Analysis, Laboratory Techniques",2 years,MS
Science,B.Pharm,Doctor,"Research, Scientific Knowledge",3 years,Medical Specialization
Science,Nursing,Pharmacist,"Technical Skills, Engineering Fundamentals",4 years,MD
Science,MBBS,Researcher,"Innovation, Creativity in Solutions",3 years,M.Tech
Science,B.Pharm,Engineer,"Problem-Solving, Analytical Thinking",4 years,M.Tech
Science,B.Pharm,Pharmacist,"Data Analysis, Laboratory Techniques",4 years,Medical Specialization
Science,B.Sc,Researcher,"Problem-Solving, Analytical Thinking",3 years,MD
Science,B.Pharm,Pharmacist,"Innovation, Creativity in Solutions",5 years,MD
Science,B.Tech,Pharmacist,"Hands-on Medical Skills, Patient Care Expertise",3 years,M.Pharm
Science,Biotechnology,Pharmacist,"Problem-Solving, Analytical Thinking",4 years,MS
Science,Nursing,Engineer,"Hands-on Medical Skills, Patient Care Expertise",5 years,M.Pharm
Science,Nursing,Doctor,"Problem-Solving, Analytical Thinking",5 years,MS
Science,Biotechnology,Engineer,"Data Analysis, Laboratory Techniques",4 years,Biotechnology PG
Science,Engineering,Pharmacist,"Technical Skills, Engineering Fundamentals",3 years,M.Tech
Science,Microbiology,Doctor,"Hands-on Medical Skills, Patient Care Expertise",3 years,Biotechnology PG
Science,Nursing,Lab Technician,"Research, Scientific Knowledge",3 years,M.Tech
Science,B.Tech,Engineer,"Data Analysis, Laboratory Techniques",5 years,MS
Science,B.Tech,Engineer,"Research, Scientific Knowledge",4 years,M.Pharm
Science,Biotechnology,Researcher,"Technical Skills, Engineering Fundamentals",4 years,M.Tech
Science,Engineering,Pharmacist,"Problem-Solving, Analytical Thinking",5 years,MCA
Science,Nursing,Lab Technician,"Hands-on Medical Skills, Patient Care Expertise",5 years,MS
Science,B.Tech,Researcher,"Research, Scientific Knowledge",5 years,MS
Science,Engineering,Data Scientist,"Research, Scientific Knowledge",2 years,MS
Science,Nursing,Engineer,"Data Analysis, Laboratory Techniques",4 years,M.Tech
Science,B.Tech,Lab Technician,"Problem-Solving, Analytical Thinking",2 years,MCA
Science,Engineering,Data Scientist,"Problem-Solving, Analytical Thinking",4 years,M.Sc
Science,MBBS,Doctor,"Research, Scientific Knowledge",3 years,M.Tech
Science,B.Sc,Researcher,"Innovation, Creativity in Solutions",5 years,MD
Science,Engineering,Lab Technician,"Innovation, Creativity in Solutions",5 years,MS
Science,MBBS,Lab Technician,"Data Analysis, Laboratory Techniques",3 years,MS
Science,Nursing,Pharmacist,"Innovation, Creativity in Solutions",3 years,Medical Specialization
Science,Nursing,Researcher,"Problem-Solving, Analytical Thinking",5 years,M.Sc
Science,MBBS,Pharmacist,"Innovation, Creativity in Solutions",4 years,MS
Science,Nursing,Doctor,"Research, Scientific Knowledge",4 years,MD
Science,B.Sc,Engineer,"Hands-on Medical Skills, Patient Care Expertise",4 years,M.Pharm
Science,Engineering,Lab Technician,"Innovation, Creativity in Solutions",3 years,M.Sc
Science,MBBS,Pharmacist,"Technical Skills, Engineering Fundamentals",4 years,MD
Science,B.Pharm,Pharmacist,"Hands-on Medical Skills, Patient Care Expertise",3 years,MS
Science,B.Tech,Lab Technician,"Data Analysis, Laboratory Techniques",3 years,MCA
Science,MBBS,Lab Technician,"Data Analysis, Laboratory Techniques",2 years,M.Pharm
Science,MBBS,Engineer,"Innovation, Creativity in Solutions",4 years,M.Sc
Science,Biotechnology,Doctor,"Technical Skills, Engineering Fundamentals",3 years,M.Sc
Science,MBBS,Data Scientist,"Hands-on Medical Skills, Patient Care Expertise",3 years,Medical Specialization
Science,MBBS,Doctor,"Problem-Solving, Analytical Thinking",5 years,MCA
Science,Microbiology,Engineer,"Problem-Solving, Analytical Thinking",3 years,Medical Specialization
Science,Engineering,Researcher,"Problem-Solving, Analytical Thinking",3 years,M.Tech
Science,Microbiology,Researcher,"Problem-Solving, Analytical Thinking",4 years,Biotechnology PG
Science,Engineering,Doctor,"Research, Scientific Knowledge",4 years,MCA
Science,Microbiology,Doctor,"Problem-Solving, Analytical Thinking",2 years,Medical Specialization
Science,Microbiology,Researcher,"Innovation, Creativity in Solutions",2 years,MS
Science,MBBS,Engineer,"Data Analysis, Laboratory Techniques",3 years,M.Pharm
Science,B.Tech,Engineer,"Innovation, Creativity in Solutions",4 years,M.Tech
Science,MBBS,Pharmacist,"Research, Scientific Knowledge",5 years,MCA
Science,B.Pharm,Researcher,"Innovation, Creativity in Solutions",4 years,M.Pharm
Science,Biotechnology,Engineer,"Innovation, Creativity in Solutions",4 years,M.Pharm
Science,MBBS,Researcher,"Technical Skills, Engineering Fundamentals",4 years,MD
Science,Biotechnology,Pharmacist,"Innovation, Creativity in Solutions",4 years,M.Sc
Science,B.Pharm,Doctor,"Problem-Solving, Analytical Thinking",3 years,Medical Specialization
Science,Engineering,Pharmacist,"Research, Scientific Knowledge",3 years,M.Sc
Science,Microbiology,Lab Technician,"Data Analysis, Laboratory Techniques",5 years,Biotechnology PG
Science,B.Tech,Researcher,"Hands-on Medical Skills, Patient Care Expertise",5 years,MD
Science,B.Pharm,Engineer,"Problem-Solving, Analytical Thinking",5 years,M.Tech
Science,B.Pharm,Lab Technician,"Innovation, Creativity in Solutions",4 years,MS
Science,MBBS,Engineer,"Innovation, Creativity in Solutions",3 years,MD
Science,Biotechnology,Lab Technician,"Hands-on Medical Skills, Patient Care Expertise",2 years,Medical Specialization
Science,B.Pharm,Lab Technician,"Problem-Solving, Analytical Thinking",2 years,MCA
Science,Microbiology,Lab Technician,"Innovation, Creativity in Solutions",3 years,M.Tech
Science,B.Sc,Data Scientist,"Innovation, Creativity in Solutions",2 years,M.Pharm
Science,B.Sc,Lab Technician,"Hands-on Medical Skills, Patient Care Expertise",2 years,Medical Specialization
Science,B.Tech,Engineer,"Research, Scientific Knowledge",4 years,Biotechnology PG
Science,MBBS,Data Scientist,"Research, Scientific Knowledge",4 years,Biotechnology PG
Science,Engineering,Engineer,"Hands-on Medical Skills, Patient Care Expertise",3 years,MD
Science,Engineering,Data Scientist,"Technical Skills, Engineering Fundamentals",5 years,Medical Specialization
Science,Microbiology,Engineer,"Data Analysis, Laboratory Techniques",2 years,Biotechnology PG
Science,Biotechnology,Data Scientist,"Problem-Solving, Analytical Thinking",4 years,MCA
Science,Biotechnology,Doctor,"Innovation, Creativity in Solutions",4 years,M.Tech
Science,B.Pharm,Lab Technician,"Data Analysis, Laboratory Techniques",2 years,MD
Science,B.Sc,Engineer,"Problem-Solving, Analytical Thinking",3 years,MD
Science,B.Tech,Doctor,"Technical Skills, Engineering Fundamentals",5 years,M.Sc
Science,B.Tech,Engineer,"Problem-Solving, Analytical Thinking",3 years,MCA
Science,Nursing,Engineer,"Innovation, Creativity in Solutions",4 years,M.Tech
Science,Engineering,Doctor,"Data Analysis, Laboratory Techniques",2 years,Medical Specialization
Science,Microbiology,Pharmacist,"Problem-Solving, Analytical Thinking",4 years,MCA
Science,B.Sc,Engineer,"Data Analysis, Laboratory Techniques",5 years,Medical Specialization
Science,Microbiology,Lab Technician,"Hands-on Medical Skills, Patient Care Expertise",3 years,MCA
Science,B.Pharm,Doctor,"Data Analysis, Laboratory Techniques",5 years,M.Sc
Science,Engineering,Data Scientist,"Research, Scientific Knowledge",2 years,MCA
Science,B.Tech,Data Scientist,"Innovation, Creativity in Solutions",3 years,M.Sc
Science,Biotechnology,Doctor,"Hands-on Medical Skills, Patient Care Expertise",3 years,M.Sc
Science,Microbiology,Engineer,"Innovation, Creativity in Solutions",5 years,Medical Specialization
Science,Engineering,Lab Technician,"Research, Scientific Knowledge",3 years,Medical Specialization
Science,Microbiology,Lab Technician,"Technical Skills, Engineering Fundamentals",2 years,Biotechnology PG
Science,Biotechnology,Doctor,"Problem-Solving, Analytical Thinking",3 years,M.Pharm
Science,B.Sc,Data Scientist,"Research, Scientific Knowledge",5 years,M.Tech
Science,B.Sc,Engineer,"Innovation, Creativity in Solutions",3 years,M.Tech
Science,Microbiology,Pharmacist,"Data Analysis, Laboratory Techniques",2 years,Medical Specialization
Science,Nursing,Lab Technician,"Innovation, Creativity in Solutions",4 years,MD
Science,B.Pharm,Engineer,"Data Analysis, Laboratory Techniques",5 years,MCA
Science,Microbiology,Pharmacist,"Hands-on Medical Skills, Patient Care Expertise",4 years,M.Sc
Science,Biotechnology,Pharmacist,"Innovation, Creativity in Solutions",5 years,M.Pharm
Science,B.Tech,Researcher,"Technical Skills, Engineering Fundamentals",5 years,Medical Specialization
Science,Nursing,Pharmacist,"Innovation, Creativity in Solutions",3 years,M.Sc
Science,B.Pharm,Engineer,"Technical Skills, Engineering Fundamentals",3 years,M.Sc
Science,B.Tech,Doctor,"Data Analysis, Laboratory Techniques",3 years,MCA
Science,Engineering,Researcher,"Problem-Solving, Analytical Thinking",2 years,MD
Science,B.Tech,Doctor,"Hands-on Medical Skills, Patient Care Expertise",2 years,MS
Science,B.Tech,Researcher,"Technical Skills, Engineering Fundamentals",5 years,M.Sc
Science,B.Tech,Lab Technician,"Data Analysis, Laboratory Techniques",3 years,M.Tech
Science,B.Tech,Engineer,"Problem-Solving, Analytical Thinking",4 years,MCA
Science,MBBS,Pharmacist,"Problem-Solving, Analytical Thinking",5 years,M.Sc
Science,B.Tech,Data Scientist,"Technical Skills, Engineering Fundamentals",5 years,M.Pharm
Science,Microbiology,Data Scientist,"Hands-on Medical Skills, Patient Care Expertise",3 years,M.Sc
Science,Nursing,Engineer,"Problem-Solving, Analytical Thinking",5 years,Medical Specialization
Science,Nursing,Doctor,"Technical Skills, Engineering Fundamentals",3 years,Biotechnology PG
Science,Nursing,Researcher,"Problem-Solving, Analytical Thinking",4 years,M.Sc
Science,MBBS,Data Scientist,"Research, Scientific Knowledge",4 years,MS
Science,Biotechnology,Doctor,"Problem-Solving, Analytical Thinking",2 years,MS
Science,Engineering,Doctor,"Problem-Solving, Analytical Thinking",5 years,Biotechnology PG
Science,B.Tech,Engineer,"Research, Scientific Knowledge",3 years,MD
Science,B.Sc,Lab Technician,"Hands-on Medical Skills, Patient Care Expertise",5 years,Medical Specialization
Science,Engineering,Researcher,"Innovation, Creativity in Solutions",4 years,MCA
Science,Microbiology,Pharmacist,"Data Analysis, Laboratory Techniques",4 years,M.Pharm
Science,Biotechnology,Lab Technician,"Technical Skills, Engineering Fundamentals",2 years,Biotechnology PG
Science,Nursing,Doctor,"Data Analysis, Laboratory Techniques",4 years,M.Tech
Science,MBBS,Engineer,"Data Analysis, Laboratory Techniques",2 years,MCA
Science,Engineering,Researcher,"Hands-on Medical Skills, Patient Care Expertise",3 years,MCA
Science,MBBS,Data Scientist,"Research, Scientific Knowledge",2 years,M.Tech
Science,B.Tech,Engineer,"Research, Scientific Knowledge",2 years,Biotechnology PG
Science,Nursing,Lab Technician,"Research, Scientific Knowledge",2 years,M.Tech
Science,B.Sc,Pharmacist,"Technical Skills, Engineering Fundamentals",4 years,Biotechnology PG
Science,Nursing,Lab Technician,"Innovation, Creativity in Solutions",5 years,MCA
Science,Microbiology,Data Scientist,"Problem-Solving, Analytical Thinking",3 years,MD
Science,B.Tech,Data Scientist,"Data Analysis, Laboratory Techniques",2 years,M.Pharm
Science,Nursing,Researcher,"Innovation, Creativity in Solutions",4 years,Medical Specialization
Science,MBBS,Pharmacist,"Technical Skills, Engineering Fundamentals",5 years,MCA
Science,Microbiology,Pharmacist,"Innovation, Creativity in Solutions",5 years,M.Sc
Science,Engineering,Lab Technician,"Technical Skills, Engineering Fundamentals",2 years,MD
Science,B.Tech,Data Scientist,"Hands-on Medical Skills, Patient Care Expertise",3 years,M.Sc
Science,Microbiology,Doctor,"Hands-on Medical Skills, Patient Care Expertise",4 years,MCA
Science,Engineering,Pharmacist,"Innovation, Creativity in Solutions",4 years,Biotechnology PG
Science,Biotechnology,Researcher,"Problem-Solving, Analytical Thinking",2 years,MD
Science,B.Pharm,Data Scientist,"Research, Scientific Knowledge",4 years,M.Tech
Science,B.Tech,Researcher,"Innovation, Creativity in Solutions",3 years,M.Tech
Science,Biotechnology,Engineer,"Technical Skills, Engineering Fundamentals",2 years,M.Pharm
Science,B.Tech,Pharmacist,"Data Analysis, Laboratory Techniques",3 years,M.Tech
Science,MBBS,Engineer,"Data Analysis, Laboratory Techniques",4 years,M.Pharm
Science,Microbiology,Doctor,"Problem-Solving, Analytical Thinking",3 years,MD
Science,Biotechnology,Researcher,"Hands-on Medical Skills, Patient Care Expertise",3 years,MS
Science,Nursing,Researcher,"Data Analysis, Laboratory Techniques",5 years,M.Pharm
Science,Biotechnology,Pharmacist,"Data Analysis, Laboratory Techniques",5 years,M.Tech
Science,MBBS,Researcher,"Data Analysis, Laboratory Techniques",4 years,M.Sc
Science,Nursing,Engineer,"Innovation, Creativity in Solutions",2 years,MS
Science,Engineering,Pharmacist,"Research, Scientific Knowledge",4 years,M.Sc
Science,B.Sc,Researcher,"Data Analysis, Laboratory Techniques",5 years,MD
Science,B.Tech,Data Scientist,"Data Analysis, Laboratory Techniques",5 years,Medical Specialization
Science,B.Sc,Researcher,"Technical Skills, Engineering Fundamentals",2 years,M.Sc
Science,MBBS,Researcher,"Hands-on Medical Skills, Patient Care Expertise",5 years,MCA
Science,Biotechnology,Engineer,"Problem-Solving, Analytical Thinking",2 years,M.Pharm
Science,Biotechnology,Doctor,"Problem-Solving, Analytical Thinking",4 years,M.Tech
Science,B.Sc,Doctor,"Research, Scientific Knowledge",4 years,MCA
Science,Biotechnology,Researcher,"Innovation, Creativity in Solutions",3 years,MS
Science,Engineering,Data Scientist,"Hands-on Medical Skills, Patient Care Expertise",5 years,Biotechnology PG
Science,Biotechnology,Doctor,"Data Analysis, Laboratory Techniques",4 years,M.Pharm
Science,Engineering,Researcher,"Innovation, Creativity in Solutions",3 years,MCA
Science,B.Sc,Engineer,"Innovation, Creativity in Solutions",4 years,Medical Specialization
Science,B.Tech,Data Scientist,"Research, Scientific Knowledge",5 years,M.Pharm
Science,Biotechnology,Data Scientist,"Research, Scientific Knowledge",3 years,Biotechnology PG
Science,Nursing,Data Scientist,"Research, Scientific Knowledge",5 years,MS
Science,B.Tech,Data Scientist,"Hands-on Medical Skills, Patient Care Expertise",5 years,M.Sc
Science,Microbiology,Researcher,"Technical Skills, Engineering Fundamentals",5 years,M.Pharm
Science,MBBS,Pharmacist,"Hands-on Medical Skills, Patient Care Expertise",2 years,MCA
Science,B.Pharm,Lab Technician,"Problem-Solving, Analytical Thinking",4 years,M.Pharm
Science,B.Sc,Researcher,"Hands-on Medical Skills, Patient Care Expertise",2 years,MD
Science,B.Pharm,Pharmacist,"Research, Scientific Knowledge",5 years,M.Tech
Science,B.Pharm,Researcher,"Problem-Solving, Analytical Thinking",2 years,Biotechnology PG
Science,Biotechnology,Engineer,"Hands-on Medical Skills, Patient Care Expertise",5 years,MD
Science,Engineering,Lab Technician,"Data Analysis, Laboratory Techniques",3 years,MS
Science,B.Tech,Engineer,"Data Analysis, Laboratory Techniques",2 years,Medical Specialization
Science,Nursing,Researcher,"Technical Skills, Engineering Fundamentals",3 years,MCA
Science,Engineering,Researcher,"Hands-on Medical Skills, Patient Care Expertise",3 years,M.Tech
Science,Biotechnology,Researcher,"Innovation, Creativity in Solutions",3 years,MD
Science,MBBS,Lab Technician,"Hands-on Medical Skills, Patient Care Expertise",5 years,M.Sc
Science,MBBS,Doctor,"Problem-Solving, Analytical Thinking",2 years,M.Sc
Science,B.Sc,Lab Technician,"Research, Scientific Knowledge",3 years,Medical Specialization
Science,B.Sc,Data Scientist,"Research, Scientific Knowledge",2 years,MD
Science,Nursing,Engineer,"Data Analysis, Laboratory Techniques",5 years,M.Sc
Science,B.Pharm,Researcher,"Research, Scientific Knowledge",2 years,MCA
Science,Biotechnology,Researcher,"Technical Skills, Engineering Fundamentals",3 years,Medical Specialization
Science,Microbiology,Engineer,"Research, Scientific Knowledge",4 years,M.Pharm
Science,B.Tech,Doctor,"Innovation, Creativity in Solutions",2 years,M.Pharm
Science,Microbiology,Lab Technician,"Research, Scientific Knowledge",5 years,Biotechnology PG
Science,MBBS,Lab Technician,"Data Analysis, Laboratory Techniques",3 years,Medical Specialization
Science,MBBS,Researcher,"Innovation, Creativity in Solutions",2 years,Biotechnology PG
Science,B.Tech,Researcher,"Hands-on Medical Skills, Patient Care Expertise",5 years,Medical Specialization
Science,Nursing,Engineer,"Problem-Solving, Analytical Thinking",4 years,Medical Specialization
Science,Biotechnology,Researcher,"Problem-Solving, Analytical Thinking",5 years,M.Sc
Science,B.Tech,Doctor,"Problem-Solving, Analytical Thinking",5 years,MS
Science,Engineering,Lab Technician,"Technical Skills, Engineering Fundamentals",2 years,Medical Specialization
Science,Microbiology,Data Scientist,"Hands-on Medical Skills, Patient Care Expertise",4 years,Medical Specialization
Science,B.Pharm,Engineer,"Problem-Solving, Analytical Thinking",3 years,MS
Science,B.Pharm,Lab Technician,"Data Analysis, Laboratory Techniques",4 years,Medical Specialization
Science,B.Pharm,Researcher,"Innovation, Creativity in Solutions",5 years,MS
Science,B.Tech,Doctor,"Research, Scientific Knowledge",2 years,MS
Science,Nursing,Data Scientist,"Data Analysis, Laboratory Techniques",5 years,MS
Science,Engineering,Lab Technician,"Technical Skills, Engineering Fundamentals",5 years,MD
Science,Biotechnology,Engineer,"Research, Scientific Knowledge",5 years,MD
Science,Biotechnology,Data Scientist,"Problem-Solving, Analytical Thinking",3 years,MD
Science,Engineering,Pharmacist,"Research, Scientific Knowledge",4 years,M.Sc
Science,Biotechnology,Lab Technician,"Research, Scientific Knowledge",3 years,Medical Specialization
Science,Nursing,Engineer,"Data Analysis, Laboratory Techniques",2 years,MCA
Science,Biotechnology,Engineer,"Hands-on Medical Skills, Patient Care Expertise",4 years,MD
Science,Biotechnology,Engineer,"Technical Skills, Engineering Fundamentals",3 years,M.Tech
Science,B.Tech,Doctor,"Problem-Solving, Analytical Thinking",2 years,Biotechnology PG
Science,B.Sc,Data Scientist,"Data Analysis, Laboratory Techniques",3 years,M.Sc
Science,Microbiology,Data Scientist,"Research, Scientific Knowledge",4 years,M.Tech
Science,Biotechnology,Doctor,"Data Analysis, Laboratory Techniques",3 years,MD
Science,B.Pharm,Data Scientist,"Research, Scientific Knowledge",2 years,M.Pharm
Science,B.Pharm,Data Scientist,"Data Analysis, Laboratory Techniques",3 years,M.Tech
Science,B.Tech,Data Scientist,"Innovation, Creativity in Solutions",4 years,MCA
Science,B.Tech,Doctor,"Technical Skills, Engineering Fundamentals",5 years,M.Tech
Science,Engineering,Data Scientist,"Research, Scientific Knowledge",2 years,MS
Science,Microbiology,Researcher,"Technical Skills, Engineering Fundamentals",4 years,Medical Specialization
Science,MBBS,Doctor,"Research, Scientific Knowledge",5 years,MCA
Science,B.Sc,Data Scientist,"Technical Skills, Engineering Fundamentals",2 years,MS
Science,B.Pharm,Data Scientist,"Innovation, Creativity in Solutions",3 years,M.Pharm
Science,B.Pharm,Lab Technician,"Data Analysis, Laboratory Techniques",5 years,MD
Science,Microbiology,Doctor,"Data Analysis, Laboratory Techniques",5 years,M.Pharm
Science,Microbiology,Pharmacist,"Research, Scientific Knowledge",5 years,MCA
Science,Engineering,Doctor,"Data Analysis, Laboratory Techniques",2 years,M.Pharm
Science,B.Tech,Engineer,"Innovation, Creativity in Solutions",5 years,M.Sc
Science,Biotechnology,Pharmacist,"Hands-on Medical Skills, Patient Care Expertise",4 years,MD
Science,MBBS,Researcher,"Innovation, Creativity in Solutions",2 years,MD
Science,MBBS,Pharmacist,"Innovation, Creativity in Solutions",5 years,M.Pharm
Science,Nursing,Pharmacist,"Innovation, Creativity in Solutions",2 years,MCA
Science,Engineering,Lab Technician,"Data Analysis, Laboratory Techniques",3 years,M.Sc
Science,MBBS,Pharmacist,"Technical Skills, Engineering Fundamentals",3 years,MS
Science,Engineering,Data Scientist,"Innovation, Creativity in Solutions",2 years,MD
Science,B.Pharm,Data Scientist,"Problem-Solving, Analytical Thinking",5 years,MS
Science,B.Sc,Lab Technician,"Research, Scientific Knowledge",4 years,Biotechnology PG
Science,B.Pharm,Doctor,"Innovation, Creativity in Solutions",5 years,MD
Science,Engineering,Pharmacist,"Technical Skills, Engineering Fundamentals",4 years,MS
Science,B.Tech,Doctor,"Hands-on Medical Skills, Patient Care Expertise",4 years,M.Pharm
Science,Engineering,Lab Technician,"Problem-Solving, Analytical Thinking",4 years,MCA
Science,Microbiology,Data Scientist,"Problem-Solving, Analytical Thinking",3 years,Biotechnology PG
Science,Engineering,Lab Technician,"Technical Skills, Engineering Fundamentals",5 years,Biotechnology PG
Science,B.Sc,Pharmacist,"Hands-on Medical Skills, Patient Care Expertise",3 years,M.Sc
Science,B.Tech,Lab Technician,"Hands-on Medical Skills, Patient Care Expertise",5 years,M.Tech
Science,Nursing,Data Scientist,"Problem-Solving, Analytical Thinking",3 years,M.Tech
Science,B.Sc,Data Scientist,"Technical Skills, Engineering Fundamentals",4 years,MS
Science,Engineering,Engineer,"Hands-on Medical Skills, Patient Care Expertise",4 years,M.Tech
